"msgid","msgstr"
Public,عام
Home,الرئيسية
New {0},{0} جديد
{0} s,{0} ث
{0} h,{0} س
{0} m,{0} د
s,ث
h,س
m,د
No.,م.
Journal Entry,قيد يومي
Accounting Masters.,أساسيات المحاسبة
EGP,ج.م
Consultation,الإستشارات
Reports & Masters,التقارير و البيانات الرئيسية
Service Units,وحدات الخدمة
Patient Profile,ملف المريض
Monthly Therapy Sessions:,جلسات العلاج الشهرية:
Total Therapy Sessions:,إجمالي جلسات العلاج:
Contact:,الاتصال:
Gender:,الجنس:
No Observations,لا توجد ملاحظات
Grouped Observations,ملاحظات مجمعة
Reference Range,النطاق المرجعي
Date Time,تاريخ ووقت
New Observation,ملاحظة جديدة
No Medication Requests,لا توجد طلبات أدوية
Quantity:,الكمية:
Dosage:,الجرعة:
Dosage Form:,شكل الجرعة:
Period:,الفترة:
Medication:,الدواء:
Stop,إيقاف
Medication Requests,طلبات الأدوية
No Service Requests,لا توجد طلبات خدمة
Order Name:,اسم الأمر:
Order Type:,نوع الأمر:
Revoke,إلغاء
Service Requests,طلبات الخدمة
New Medication Request,طلب دواء جديد
New Service Request,طلب خدمة جديد
No Clinical Notes,لا توجد ملاحظات سريرية
New Clinical Note,ملاحظة سريرية جديدة
"""Not Allowed to delete coverage after submission, please update the Coverage status instead""",غير مسموح بحذف التغطية بعد التقديم، يرجى تحديث حالة التغطية بدلًا من ذلك
Update,تحديث
Claim Error / Reject Reason,سبب خطأ/رفض المطالبة
Please first select the rows you want to update,يرجى أولًا تحديد الصفوف التي تريد تحديثها
Fetching Coverages,جارٍ جلب التغطيات
Update Claim Status,تحديث حالة المطالبة
Create Payment Entry,إنشاء قيد دفع
Confirm to Schedule Admission,تأكيد لجدولة الدخول
"""If this Healthcare Practitioner also works for the In-Patient Department, set the inpatient visit charge for this Practitioner.""",إذا كان ممارس الرعاية الصحية هذا يعمل أيضًا لقسم المنوّمين ، فعيّن رسوم زيارة المنوّمين لهذا الممارس.
Set the Out Patient Consulting Charge for this Practitioner.,عيّن رسوم استشارة العيادات الخارجية لهذا الممارس.
"""If this Healthcare Practitioner works for the In-Patient Department, create a service item for Inpatient Visits.""",إذا كان ممارس الرعاية الصحية هذا يعمل لقسم المنوّمين، فأنشئ صنف خدمة لزيارات المنوّمين.
Create and link a service item to be billed for Out Patient Consulting.,أنشئ واربط صنف خدمة ليتم فوترته لاستشارات العيادات الخارجية.
"""Link the Google Calendar created and Authorized by the practitioner, all tele consultation appointments will be scheduled using this calendar""",اربط تقويم Google الذي أنشأه الممارس وأذن به، سيتم جدولة جميع مواعيد الاستشارات عن بُعد باستخدام هذا التقويم
Set the Practitioner Schedule you just created. This will be used while booking appointments.,عيّن جدول الممارس الذي أنشأته للتو. سيتم استخدامه عند حجز المواعيد.
"""If you want to track Payroll and other HRMS operations for a Practitoner, create an Employee and link it here.""",إذا كنت تريد تتبع الرواتب وعمليات نظام الموارد البشرية الأخرى للممارس، أنشئ موظفًا واربطه هنا.
Create Coverage,إنشاء تغطية
Mark Draft,وضع علامة مسودة
Mark Rejected,وضع علامة مرفوض
Mark Approved,وضع علامة معتمد
"""If you want to send SMS alert on Patient Registration, you can enable this option. Similary, you can set up Out Patient SMS alerts for other functionalities in this section. Click""",إذا كنت تريد إرسال تنبيه SMS عند تسجيل المريض، يمكنك تفعيل هذا الخيار. وبالمثل، يمكنك إعداد تنبيهات SMS للعيادات الخارجية لوظائف أخرى في هذا القسم. انقر
Out Patient SMS alerts,تنبيهات SMS للعيادات الخارجية
"""If you wish to override default accounts settings and configure the Income and Receivable accounts for Healthcare, you can do so here.""",إذا كنت ترغب في تجاوز إعدادات الحسابات الافتراضية وتهيئة حسابات الإيرادات والمدينين للرعاية الصحية، يمكنك ذلك هنا.
Set up default Accounts for the Healthcare Facility,إعداد الحسابات الافتراضية لمنشأة الرعاية الصحية
to know more,لمعرفة المزيد
"""You can create a service item for Inpatient Visit Charge and set it here. Similarly, you can set up other Healthcare Service Items for billing in this section. Click""",يمكنك إنشاء صنف خدمة لرسوم زيارة المنوّمين وتعيينه هنا. وبالمثل، يمكنك إعداد أصناف خدمات رعاية صحية أخرى للفوترة في هذا القسم. انقر
Healthcare Service Items,أصناف خدمات الرعاية الصحية
"""Validates all mandatory tasks in nursing checklist to be Completed before a Patient transactional event. For example, if any of the tasks as part of the Discharge Checklist is not in status Completed, system will alert the user while trying to Discharge the Patient from inpatient facility""",يتحقق من إكمال جميع المهام الإلزامية في قائمة التمريض قبل حدث معاملي للمريض. على سبيل المثال، إذا كانت أي مهام ضمن قائمة الخروج ليست بحالة مكتمل، فسيُنبه النظام المستخدم عند محاولة إخراج المريض من منشأة المنوّمين
Checking this will popup to invoice appointment,تحديد هذا سيعرض نافذة منبثقة لفوترة الموعد
Show Payment Popup,إظهار نافذة الدفع المنبثقة
"""If your Healthcare facility bills registrations of Patients, you can check this and set the Registration Fee in the field below. Checking this will create new Patients with a Disabled status by default and will only be enabled after invoicing the Registration Fee.""",إذا كانت منشأة الرعاية الصحية لديك تفوتر تسجيلات المرضى، يمكنك تحديد هذا وضبط رسوم التسجيل في الحقل أدناه. تحديد هذا سيؤدي إلى إنشاء مرضى جدد بحالة معطّل افتراضيًا ولن يتم تمكينهم إلا بعد فوترة رسوم التسجيل.
Collect Registration Fee,تحصيل رسوم التسجيل
"""While booking tele-consultation appointments via Google Meet, this Google Calendar will be used. You can also configure separate Google Calender for each Practitioner if required""",عند حجز مواعيد الاستشارات عن بُعد عبر Google Meet، سيتم استخدام تقويم Google هذا. يمكنك أيضًا تهيئة تقويم Google منفصل لكل ممارس إذا لزم الأمر
Will be set as the default Code System selected in the Codification Table,سيتم تعيينه كنظام الترميز الافتراضي المحدد في جدول الترميز
"""If checked, a customer will be created for every Patient. Patient Invoices will be created against this Customer. You can also select existing Customer while creating a Patient. This field is checked by default.""",إذا تم تحديده، سيتم إنشاء عميل لكل مريض. سيتم إنشاء فواتير المريض على هذا العميل. يمكنك أيضًا اختيار عميل موجود عند إنشاء المريض. هذا الحقل محدد افتراضيًا.
Edit Exercise Step,تعديل خطوة التمرين
Add Exercise Step,إضافة خطوة تمرين
"""Did not send SMS, missing patient mobile number or message content.""",لم يتم إرسال SMS، رقم جوال المريض أو محتوى الرسالة مفقود.
Send,إرسال
No Lab Tests found for the Patient {0},لم يتم العثور على اختبارات مخبرية للمريض {0}
Please select Patient to get Lab Tests,يرجى اختيار مريض لجلب الاختبارات المخبرية
"""Not permitted, configure Lab Test Template as required""",غير مسموح، يرجى تهيئة قالب الاختبار المخبري كما هو مطلوب
Send SMS,إرسال SMS
Actions,إجراءات
Approve,اعتماد
Creating Lab Tests...,جارٍ إنشاء الاختبارات المخبرية...
No Lab Tests created,لم يتم إنشاء اختبارات مخبرية
Create Multiple,إنشاء متعددة
Obese,سمنة
Overweight,زيادة وزن
Underweight,نقص وزن
Counts Completed: {0},العدد المكتمل: {0}
Counts Targeted: {0},العدد المستهدف: {0}
"""","</svg>"""
"""","""<svg class=""""icon  icon-sm"""" style="""""""">"
Additional Discount,خصم إضافي
Please set the Paid Amount first,يرجى تعيين المبلغ المدفوع أولًا
Are you sure you want to cancel this appointment?,هل أنت متأكد أنك تريد إلغاء هذا الموعد؟
Prescribed Therapies,العلاجات الموصوفة
Please select a Patient first,يرجى اختيار مريض أولًا
No Prescribed Procedures found for the selected Patient,لم يتم العثور على إجراءات موصوفة للمريض المحدد
Not Found,غير موجود
Reschedule Appointment,إعادة جدولة الموعد
Each slot indicates the capacity currently available for booking,كل فترة تشير إلى السعة المتاحة حاليًا للحجز
slots available for booking,فترات متاحة للحجز
No slots available for booking,لا توجد فترات متاحة للحجز
Maximum Capacity:,السعة القصوى:
Practitioner Schedule:,جدول الممارس:
Service Unit:,وحدة الخدمة:
Practitioner Availability:,توفر الممارس:
Patient has no fee validity,لا توجد صلاحية رسوم للمريض
Patient has fee validity till,صلاحية الرسوم للمريض حتى
Appointment date and Healthcare Practitioner are Mandatory,تاريخ الموعد وممارس الرعاية الصحية إلزاميان
Do not add Video Conferencing,عدم إضافة مؤتمرات الفيديو
Video Conferencing disabled for group consultations,تم تعطيل مؤتمرات الفيديو للاستشارات الجماعية
Fetching Available Slots...,جارٍ جلب الفترات المتاحة...
Loading...,جارٍ التحميل...
Available slots,الفترات المتاحة
Healthcare Practitioner {0} not available on {1},ممارس الرعاية الصحية {0} غير متاح في {1}
Please select a service request.,يرجى اختيار طلب خدمة.
Select a Service Request,اختر طلب خدمة
Please select a patient first,يرجى اختيار مريض أولًا
There are no Therapies prescribed for Patient {0},لا توجد علاجات موصوفة للمريض {0}
Not Therapies Prescribed,لا توجد علاجات موصوفة
Please select Patient first,يرجى اختيار المريض أولًا
Check Availability,تحقق من التوفر
Book,حجز
Make Payment,إجراء الدفع
Confirm,تأكيد
Reschedule,إعادة جدولة
Cancel,إلغاء
Time slots added,تمت إضافة الفترات الزمنية
Slots for {0} are not added to the schedule,لم تتم إضافة فترات {0} إلى الجدول
"""Schedules for {0} overlaps, do you want to proceed after skipping overlapped slots ?""",تتداخل الجداول لـ {0}، هل تريد المتابعة بعد تخطي الفترات المتداخلة؟
"""Time slot skiped, the slot {0} to {1} overlap exisiting slot {2} to {3}""",تم تخطي الفترة الزمنية، الفترة من {0} إلى {1} تتداخل مع الفترة الموجودة من {2} إلى {3}
Maximum Number of Appointments (Nos),الحد الأقصى لعدد المواعيد (عدد)
Create Slots,إنشاء فترات
Appointment Duration (mins),مدة الموعد (دقائق)
Select Days,اختر الأيام
Add Time Slots,إضافة فترات زمنية
{0} session completed,تم إكمال {0} جلسة
{0} sessions completed,تم إكمال {0} جلسات
Fetching Template Details,جارٍ جلب تفاصيل القالب
Prescribed Procedures,الإجراءات الموصوفة
Please select Patient to get prescribed procedure,يرجى اختيار مريض لجلب الإجراء الموصوف
Get from Patient Encounter,جلب من زيارة المريض
Stock quantity to start the Procedure is not available in the Warehouse {0}. Do you want to record a Stock Entry?,كمية المخزون لبدء الإجراء غير متاحة في المخزن {0}. هل تريد تسجيل قيد مخزون؟
Stock Entry {0} created,تم إنشاء قيد المخزون {0}
Complete {0}?,إكمال {0}؟
Complete {0} and Consume Stock?,إكمال {0} واستهلاك المخزون؟
Complete and Consume,إكمال واستهلاك
Please enter Item Code to get Batch Number,يرجى إدخال رمز الصنف للحصول على رقم الدفعة
out of {0},من أصل {0}
{0} medication order completed,تم إكمال {0} أمر دواء
{0} medication orders completed,تم إكمال {0} أمر دواء
Getting From Encounter,جارٍ الجلب من الزيارة
Please select a Patient Encounter to get from,يرجى اختيار زيارة مريض للجلب منها
Get From Encounter,جلب من الزيارة
Adding Order Entries,جارٍ إضافة إدخالات الأوامر
Add Medication Orders,إضافة أوامر أدوية
This is a root healthcare service unit and cannot be edited.,هذه وحدة خدمة رعاية صحية جذرية ولا يمكن تعديلها.
Healthcare Service Unit Tree,شجرة وحدات خدمة الرعاية الصحية
Creating {0} Service Units,جارٍ إنشاء {0} وحدة خدمة
Could not create Service Units,تعذر إنشاء وحدات الخدمة
{0} Service Units created,تم إنشاء {0} وحدة خدمة
Number of Service Units,عدد وحدات الخدمة
Will be serially suffixed to maintain uniquness. Example: 'Ward' will be named as 'Ward-####',سيتم إضافة لاحقة تسلسلية للحفاظ على التفرد. مثال: سيتم تسمية 'Ward' كـ 'Ward-####'
Service Unit Name,اسم وحدة الخدمة
Add Multiple Service Units,إضافة وحدات خدمة متعددة
Add Multiple,إضافة متعددة
"""Optional, if you want to manage stock separately for this Service Unit""",اختياري، إذا كنت تريد إدارة المخزون بشكل منفصل لهذه وحدة الخدمة
Sets the number of concurrent appointments allowed,يحدد عدد المواعيد المتزامنة المسموح بها
Type of the new Service Unit,نوع وحدة الخدمة الجديدة
Child nodes can be only created under 'Group' type nodes,يمكن إنشاء العقد الفرعية فقط تحت عقد من نوع 'مجموعة'
New Service Unit Name,اسم وحدة خدمة جديدة
Service Unit Tree,شجرة وحدة الخدمة
Print Barcode,طباعة الباركود
Please select atleast one specimen!,يرجى اختيار عينة واحدة على الأقل!
Sample Already Collected,تم جمع العينة بالفعل
View Lab Tests,عرض الاختبارات المخبرية
Marking Collected...,جارٍ وضع علامة تم الجمع...
Creating Observations! Please Wait...,جارٍ إنشاء الملاحظات! يرجى الانتظار...
Are you sure you want to mark selected samples as Collected,هل أنت متأكد أنك تريد وضع علامة تم الجمع على العينات المحددة
Mark Collected,وضع علامة تم الجمع
Fetching Pending Medication Orders,جارٍ جلب أوامر الأدوية المعلّقة
All the drugs are available with sufficient qty to process this Inpatient Medication Entry.,جميع الأدوية متوفرة بكمية كافية لمعالجة إدخال دواء المنوّمين هذا.
No Drug Shortage,لا يوجد نقص في الأدوية
Make Stock Entry,إنشاء قيد مخزون
Get PDF,الحصول على PDF
Please enable pop-ups,يرجى تفعيل النوافذ المنبثقة
No Letterhead,بدون ترويسة
Print Format,تنسيق الطباعة
Letter Head,رأس الخطاب
Print {0},طباعة {0}
Patient referral requests created successfully,تم إنشاء طلبات إحالة المريض بنجاح
Refer,إحالة
Medication Request(s) Created,تم إنشاء طلب/طلبات دواء
Service Request(s) Created,تم إنشاء طلب/طلبات خدمة
Nursing Tasks Created,تم إنشاء مهام التمريض
Create Nursing Tasks,إنشاء مهام التمريض
Please select patient,يرجى اختيار مريض
Selected service unit type doesn't have any item linked,نوع وحدة الخدمة المحدد لا يحتوي على أي صنف مرتبط
Scheduling Patient Admission,جارٍ جدولة دخول المريض
Order Admission,أمر دخول
Fetching Treatment Plans,جارٍ جلب خطط العلاج
Join video conference with {0},انضم إلى مؤتمر الفيديو مع {0}
Nursing Tasks,مهام التمريض
Please select Patient,يرجى اختيار مريض
Refer Patient,إحالة المريض
Schedule Admission,جدولة الدخول
Creating Insurance Coverage,جارٍ إنشاء تغطية التأمين
Creating Treatment Counselling,جارٍ إنشاء استشارة العلاج
Create Treatment Counselling,إنشاء استشارة علاج
Order Discharge,أمر بالخروج
Process Transfer,معالجة النقل
Check-in time cannot be greater than the current time,وقت تسجيل الدخول لا يمكن أن يكون أكبر من الوقت الحالي
Processing Patient Admission,جارٍ معالجة دخول المريض
Processing Inpatient Discharge, معالجة خروج المنوّم
Admit,تنويم
Cancel Admission,إلغاء الدخول
For Procedure,للإجراء
Generate Billables,توليد بنود قابلة للفوترة
Schedule Discharge,جدولة الخروج
Create/Link Code,إنشاء/ربط الرمز
Change Template Code,تغيير رمز القالب
Create/Link Item,إنشاء/ربط صنف
Please save the patient first,يرجى حفظ المريض أولًا
Please select a valid Date,يرجى اختيار تاريخ صالح
AGE,العمر
Medical Record,السجل الطبي
View,عرض
Invoice Patient Registration,فوترة تسجيل المريض
Browse Medication,تصفح الأدوية
New Medication,دواء جديد
New {0},جديد {0}
Hold,إيقاف مؤقت
Update Status,تحديث الحالة
Start,بدء
Therapy Session is already created,تم إنشاء جلسة العلاج بالفعل
Lab Test is already created,تم إنشاء الاختبار المخبري بالفعل
Clinical Procedure is already created,تم إنشاء الإجراء السريري بالفعل
Patient Appointment is already created,تم إنشاء موعد المريض بالفعل
Select Insurance Policy,اختر وثيقة التأمين
Create Insurance Coverage,إنشاء تغطية تأمين
Replaced,مستبدل
Not Active,غير نشط
No valid contract found with the Insurance Payor {0},لم يتم العثور على عقد صالح مع جهة الدفع التأمينية {0}
"""You can also set the Medical Department for the template. After saving the document, an Item will automatically be created for billing this Clinical Procedure. You can then use this template while creating Clinical Procedures for Patients. Templates save you from filling up redundant data every single time. You can also create templates for other operations like Lab Tests, Therapy Sessions, etc.""",يمكنك أيضًا تعيين القسم الطبي للقالب. بعد حفظ المستند، سيتم إنشاء صنف تلقائيًا لفوترة هذا الإجراء السريري. يمكنك بعد ذلك استخدام هذا القالب عند إنشاء إجراءات سريرية للمرضى. القوالب توفر عليك تعبئة البيانات المكررة في كل مرة. يمكنك أيضًا إنشاء قوالب لعمليات أخرى مثل الاختبارات المخبرية وجلسات العلاج، إلخ.
to know more,لمعرفة المزيد
Check this if the Clinical Procedure utilises consumables. Click,حدد هذا إذا كان الإجراء السريري يستخدم مستهلكات. انقر
Check this if the Clinical Procedure is billable and also set the rate.,حدد هذا إذا كان الإجراء السريري قابلًا للفوترة وقم أيضًا بتحديد السعر.
Clinical Procedure Rate,سعر الإجراء السريري
Select an Item Group for the Clinical Procedure Item.,اختر مجموعة أصناف لصنف الإجراء السريري.
Set the Item Code which will be used for billing the Clinical Procedure.,حدد رمز الصنف الذي سيُستخدم لفوترة الإجراء السريري.
Enter a name for the Clinical Procedure Template,أدخل اسمًا لقالب الإجراء السريري
Change Item Code,تغيير رمز الصنف
Syncing Documents ...,جارٍ مزامنة المستندات ...
Sync,مزامنة
Save,حفظ
Select Fields,اختر الحقول
{0} Fields,{0} حقول
No Data...,لا توجد بيانات...
Select Assessment Parameter,اختر معيار التقييم
Select Assessment Template,اختر قالب التقييم
Select Therapy Type,اختر نوع العلاج
Temperature,درجة الحرارة
Respiratory/Pulse Rate,معدل التنفس/النبض
More info,مزيد من المعلومات
Other risk factors,عوامل خطر أخرى
Occupational hazards,المخاطر المهنية
Surgical history,التاريخ الجراحي
Medical history,التاريخ الطبي
Tobacco past use,استخدام التبغ سابقًا
Tobacco use,استخدام التبغ
Alcohol past use,استخدام الكحول سابقًا
Alcohol use,استخدام الكحول
Allerigies,الحساسية
on {0},في {0}
Yesterday,أمس
Today,اليوم
No more records..,لا توجد سجلات أخرى..
Date Range,نطاق التاريخ
Select Document Type,اختر نوع المستند
Select Patient,اختر المريض
Appointment Status,حالة الموعد
Tree Type,نوع الشجرة
Yearly,سنوي
Quarterly,ربع سنوي
Show Completed Orders,إظهار الأوامر المكتملة
State,الولاية
City,المدينة
ZIP Code,الرمز البريدي
Address Line 2,سطر العنوان 2
Address Line 1,سطر العنوان 1
Primary Contact,جهة الاتصال الرئيسية
last Name,اسم العائلة
Middle Name,الاسم الأوسط
Years(s),سنة/سنوات
Submit,تقديم
Reason for Cancellation,سبب الإلغاء
Edit,تعديل
Edit Observation,تعديل الملاحظة
Add Observation,إضافة ملاحظة
"""Row #{0} Item under Insurance Coverage {1}, rate should be equal to approved rate{2}""",الصف #{0} الصنف ضمن تغطية التأمين {1}، يجب أن يكون السعر مساويًا للسعر المعتمد<b>{2}</b>
"""Row #{0} Item under Insurance Coverage {1}, quantity cannot be more than approved quantity {2}""",الصف #{0} الصنف ضمن تغطية التأمين {1}، لا يمكن أن تتجاوز الكمية الكمية المعتمدة <b>{2}</b>
Get Items from Prescriptions,جلب الأصناف من الوصفات
Please select Drug,يرجى اختيار دواء
Please select Healthcare Service,يرجى اختيار خدمة رعاية صحية
Get Items from Healthcare Services,جلب الأصناف من خدمات الرعاية الصحية
Patient {0} is not linked to a Customer,المريض <b>{0}</b> غير مرتبط بعميل
Get Items From,جلب الأصناف من
Please select a Patient to be invoiced,يرجى اختيار مريض لفوترته
Healthcare Services,خدمات الرعاية الصحية
Create Medication Request,إنشاء طلب دواء
Create,إنشاء
Create Service Request,إنشاء طلب خدمة
Done,تم
Edit Clinical Note,تعديل الملاحظة السريرية
Add Clinical Note,إضافة ملاحظة سريرية
Add,إضافة
Reject,رفض
Reason For Rejection,سبب الرفض
"""Are you sure you want to authorise Observation """" + observation +""""""","هل أنت متأكد أنك تريد اعتماد الملاحظة <b>"""" + observation +""""</b>"
Add Note,إضافة ملاحظة
Interpretation,التفسير
Findings,النتائج
Getting Health ID,<br><br><br>جارٍ الحصول على معرّف الصحة
"Please note, this may take a while""","<small>يرجى الملاحظة، قد يستغرق ذلك بعض الوقت</small>"""
"""Creating Health ID","""<br><br><br>جارٍ إنشاء معرّف الصحة <br>"
Patient Consent is required for ABHA creation,موافقة المريض مطلوبة لإنشاء ABHA
"Please note, this may take a while""","<small>يرجى الملاحظة، قد يستغرق ذلك بعض الوقت</small>"""
"""Verifying OTP...","""<br><br>جارٍ التحقق من OTP... <br>"
ABHA Address is required to search,عنوان ABHA مطلوب للبحث
Verification Failed,فشل التحقق
Verified,تم التحقق
Resending Aadhaar OTP...,<br><br>جارٍ إعادة إرسال OTP لآدهار...
Resend OTP,إعادة إرسال OTP
ABHA ID not Created,لم يتم إنشاء معرّف ABHA
ABHA ID created successfully,تم إنشاء معرّف ABHA بنجاح
Fetched existing ABHA of aadhaar provided,تم جلب ABHA موجود لرقم آدهار المُقدّم
Sending OTP...,جارٍ إرسال OTP...
Verifying...,<br><br>جارٍ التحقق...
Search,بحث
Scan,مسح
Consent Required,الموافقة مطلوبة
"""Failed to fetch health Data, Please try again later""",فشل جلب البيانات الصحية، يرجى المحاولة لاحقًا
"""OTP Generation Failed, Please try again later""",فشل إنشاء OTP، يرجى المحاولة لاحقًا
Generating OTP...,جارٍ إنشاء OTP...
Patient already exist,المريض موجود بالفعل
Searching...,<br><br>جاري البحث...
ABHA Addressent Required,عنوان ABHA مطلوب
Create ABHA,إنشاء ABHA
Verify ABHA Number,تحقق من رقم ABHA
Verify ABHA,تحقق من ABHA
You cannot Cancel Service Request in {} status,لا يمكنك إلغاء طلب الخدمة بحالة {}
My Account,حسابي
You are not linked to any patient. Please contact the administration.,أنت غير مرتبط بأي مريض. يرجى التواصل مع الإدارة.
Not permitted,غير مسموح
Page not found,الصفحة غير موجودة
This method is only meant for developer mode,هذه الطريقة مخصصة لوضع المطوّر فقط
gender,الجنس
observation,ملاحظة
Not allowed to print this document.,غير مسموح بطباعة هذا المستند.
encounter,زيارة
Payment Entry against Insurance Coverages {} via Insurance Claim {},قيد الدفع مقابل تغطيات التأمين {} عبر مطالبة التأمين {}
No Insurance Claim Coverages in Approved status to create Payment Entry,لا توجد تغطيات مطالبات تأمين بحالة معتمدة لإنشاء قيد دفع
Row #{1} No Approved Insurance Claim found for Journal Entry {0},الصف #{1}: لم يتم العثور على مطالبة تأمين معتمدة لقيد اليومية {0}
No Data,لا توجد بيانات
"""No matching Patient Insurance Coverages found, please check the filters""",لم يتم العثور على تغطيات تأمين مريض مطابقة، يرجى التحقق من عوامل التصفية
Company and Insurance Provider are mandatory,الشركة ومزوّد التأمين إلزاميان
Insurance Claim already submitted for Insurance Coverages{},تم تقديم مطالبة التأمين بالفعل لتغطيات التأمين<br>{}
"""Invalid Claim Amount, row #{}""",مبلغ مطالبة غير صالح، الصف #{}
"""Approved / Rejected / Paid Amount connot be more than Claim Amount, please update row #{}""",مبلغ المعتمد / المرفوض / المدفوع لا يمكن أن يكون أكثر من مبلغ المطالبة، يرجى تحديث الصف #{}
Reason Required,السبب مطلوب
"""Reason for Claim Rejection / Error is required, please update row #{}""",<b>سبب رفض/خطأ المطالبة</b> مطلوب، يرجى تحديث الصف #{}
"""Cannot Cancel, Insurance Claim already Completed / Partly Paid""",لا يمكن الإلغاء، مطالبة التأمين مكتملة بالفعل / مدفوعة جزئياً
Active Treatment Counselling {0} already exist for encounter {1},استشارة علاج نشطة {0} موجودة بالفعل للزيارة {1}
This is based on transactions against this Healthcare Practitioner.,هذا يعتمد على المعاملات الخاصة بهذا الممارس الصحي.
supplier,مورد
user,مستخدم
User {0} is already assigned to Healthcare Practitioner {1},المستخدم {0} مُعيّن بالفعل لممارس الرعاية الصحية {1}
User {0} is disabled,المستخدم {0} معطل
User {0} does not exist,المستخدم {0} غير موجود
Google Calendar Required,تقويم Google مطلوب
"please link {} or configure Default Google Calendar in {}""",يرجى ربط {} أو تهيئة تقويم Google الافتراضي في {}
"""Video conferencing enabled for {}, \","تم تفعيل مؤتمرات الفيديو لـ {}, \"
Outpatient Consulting Charge is mandatory if you are setting Outpatient Consulting Charge Item,رسوم استشارة العيادات الخارجية إلزامية إذا كنت تضبط صنف رسوم استشارة العيادات الخارجية
Inpatient Consulting Charge is mandatory if you are setting Inpatient Consulting Charge Item,رسوم استشارة المنوّمين  إلزامية إذا كنت تضبط صنف رسوم استشارة لمنوّم 
Patient Age To cannot be less than Patient Age From,عمر المريض إلى لا يمكن أن يكون أقل من عمر المريض من
Patient Age To cannot be less than 0,عمر المريض إلى لا يمكن أن يكون أقل من 0
Patient Age From cannot be less than 0,عمر المريض من لا يمكن أن يكون أقل من 0
No active Insurance Contract for Company {0} with Insurance Payor {1},لا يوجد عقد تأمين نشط للشركة {0} مع جهة الدفع التأمينية {1}
Error calculating Coverage for Insurance Coverage {}. Please verify Coverage for Item and then try saving Insurance Coverage again,خطأ في حساب التغطية لتغطية التأمين {}. يرجى التحقق من التغطية للصنف ثم حاول حفظ تغطية التأمين مرة أخرى
Item Price for Item {} not found,سعر الصنف للصنف {} غير موجود
Insurance Eligibility not found for Item {}.,لم يتم العثور على أهلية التأمين للصنف {}.
"""Invalid Service Template, Item is required to create Insurance Coverage""",قالب خدمة غير صالح، الصنف مطلوب لإنشاء تغطية التأمين
"""Invalid Service Template, Insurance Coverage can only be created for Templates marked Is Billable""",قالب خدمة غير صالح، لا يمكن إنشاء تغطية التأمين إلا للقوالب المعلّمة <b>قابل للفوترة</b>
You can only cancel Insurance Coverage with Status {},يمكنك إلغاء تغطية التأمين بحالة {} فقط
"""Insurance Coverage {} - {}Discount: {}%, Coverage: {}%""",تغطية التأمين {} - {}<br>الخصم: {}%، التغطية: {}%
"""Invalid Coverage Percent {}, cannot submit Insurance Coverage as Approved""",نسبة التغطية غير صالحة {}، لا يمكن تقديم تغطية التأمين كمعتمدة
Only Insurance Coverages in Status Approved or Rejected can be submitted,يمكن تقديم تغطيات التأمين التي حالتها <b>معتمد</b> أو <b>مرفوض</b> فقط
Invoiced Quantity and Invoiced Amount cannot be more than Claim Quantity {} and Claim Amount {},لا يمكن أن تكون الكمية المفوترة والمبلغ المفوتر أكثر من كمية المطالبة {} ومبلغ المطالبة {}
Invalid Insurance Policy,وثيقة تأمين غير صالحة
Patient Insurance Policy {} is not valid as on {},وثيقة تأمين المريض {} غير صالحة بتاريخ {}
Missing Insurance Policy,وثيقة التأمين مفقودة
Patient Insurance Policy is required to create Insurance Coverage,وثيقة تأمين المريض مطلوبة لإنشاء تغطية التأمين
Manual approval required for Insurance Coverage {},الاعتماد اليدوي مطلوب لتغطية التأمين {}
Configure a service Item for {0},قم بتهيئة صنف خدمة لـ {0}
Registration Fee cannot be negative or zero,رسوم التسجيل لا يمكن أن تكون سالبة أو صفر
Rejected Claims Expense account is not configured for Company {},حساب مصروف المطالبات المرفوضة غير مُهيأ للشركة {}
Customer {0} is created.,تم إنشاء العميل {0}.
Claims Receivable Account is mandatory for Company {},حساب مطالبات المدينة إلزامي للشركة {}
Rejected Claims Expense Account is entered more than once for same company,تم إدخال حساب مصروف المطالبات المرفوضة أكثر من مرة للشركة نفسها
Receivable Account is entered more than once for same Company,تم إدخال حساب المدينين أكثر من مرة للشركة نفسها
Sample Collection {0} has been created,تم إنشاء جمع العينة {0}
Collection Details:,تفاصيل الجمع:
Test :,اختبار :
Lab Test(s) {0} created successfully,تم إنشاء الاختبار/الاختبارات المخبرية {0} بنجاح
Insufficient Data,بيانات غير كافية
Sales Invoice or Patient Encounter is required to create Lab Tests,فاتورة المبيعات أو زيارة المريض مطلوبة لإنشاء اختبارات مخبرية
Lab Test {0} already created from service request {1},تم إنشاء الاختبار المخبري {0} بالفعل من طلب الخدمة {1}
Mandatory Results,نتائج إلزامية
Row #{0}: Please enter the result value for {1},الصف #{0}: يرجى إدخال قيمة النتيجة لـ {1}
Warning,تحذير
Row #{0}: Result for Secondary UOM not calculated,الصف #{0}: لم يتم حساب نتيجة وحدة القياس الثانوية
Therapy Session Charges: {0},رسوم جلسة العلاج: {0}
Therapy Session {0} already created from service request {1},تم إنشاء جلسة العلاج {0} بالفعل من طلب الخدمة {1}
Therapy Sessions Overlapping,تداخل جلسات العلاج
Therapy Session overlaps with {0},جلسة العلاج تتداخل مع {0}
Abbreviation already used for {0},الاختصار مستخدم بالفعل لـ {0}
Abbreviation is mandatory,الاختصار إلزامي
You cannot add '{0}' because it already contains {1} levels of nested components. The maximum allowed depth is {2}.,لا يمكنك إضافة '{0}' لأنه يحتوي بالفعل على {1} مستويات من المكونات المتداخلة. الحد الأقصى المسموح به هو {2}.
Circular reference detected: '{0}' is already a component (directly or indirectly) of '{1}',تم اكتشاف مرجع دائري: '{0}' هو بالفعل مكوّن (مباشرة أو غير مباشرة) لـ '{1}'
Observation Template '{0}' cannot be added as a component of itself.,لا يمكن إضافة قالب الملاحظة '{0}' كمكوّن لنفسه.
You cannot provide more than 2 options for Boolean result,لا يمكنك توفير أكثر من خيارين لنتيجة منطقية
"""SMS not sent, please check SMS Settings""",لم يتم إرسال SMS، يرجى التحقق من إعدادات SMS
Appointment Confirmation Message Not Sent,لم يتم إرسال رسالة تأكيد الموعد
Practitioner {0} does not have a Practitioner Schedule assigned.,الممارس {0} ليس لديه جدول ممارس معيّن.
Service Unit Not Found,وحدة الخدمة غير موجودة
Practitioner {0} does not have a Service Unit set against the Practitioner Schedule {1}.,الممارس {0} لا يملك وحدة خدمة محددة مقابل جدول الممارس {1}.
"""{0} is a holiday"""".format(date)), title=_(""""Not Available""","""{0} عطلة"""".format(date)), title=_(""""غير متاح"""
Not Available,غير متاح
Healthcare Practitioner not available on {0},ممارس الرعاية الصحية غير متاح في {0}
Practitioner Schedule Not Found,جدول الممارس غير موجود
{0} does not have a Healthcare Practitioner Schedule / Availability. Add it in Healthcare Practitioner master / Practitioner Availability,{0} ليس لديه جدول/توفّر لممارس الرعاية الصحية. أضفه في سجل ممارس الرعاية الصحية / توفر الممارس
Fee Validity {0} updated.,تم تحديث صلاحية الرسوم {0}.
Appointment Cancelled.,تم إلغاء الموعد.
Appointment Cancelled. Please review and cancel the invoice {0},تم إلغاء الموعد. يرجى مراجعة وإلغاء الفاتورة {0}
Appointment {0} and Sales Invoice {1} cancelled,تم إلغاء الموعد {0} وفاتورة المبيعات {1}
Consulting Charges: {0},رسوم الاستشارة: {0}
Sales Invoice {0} created,تم إنشاء فاتورة المبيعات {0}
"""Could not add conferencing to this Appointment, please contact System Manager""",تعذّر إضافة مؤتمرات الفيديو لهذا الموعد، يرجى التواصل مع مدير النظام
Please set a Customer linked to the Patient,يرجى تعيين عميل مرتبط بالمريض
Appointment end must be after start.,يجب أن يكون انتهاء الموعد بعد بدايته.
Appointment Date and Time are required.,تاريخ ووقت الموعد مطلوبان.
Invalid Healthcare Service Unit,وحدة خدمة رعاية صحية غير صالحة
Appointment for service units with Inpatient Occupancy can only be created against the unit where patient is admitted.,لا لا يمكن إنشاء موعد لوحدات الخدمة ذات إشغال  الإقامة إلا في الوحدة التي تم إقامة المريض فيها.
Patient {0} is not admitted in the service unit {1},المريض {0} ليس في وحدة الخدمة {1}
Patient already has an appointment {} booked for {} on {},المريض لديه بالفعل موعد {} محجوز لـ {} بتاريخ {}
Please enter {},يرجى إدخال {}
"""Not allowed, cannot overlap appointment {}""",غير مسموح، لا يمكن تداخل الموعد {}
"""Not allowed, {} cannot exceed maximum capacity {}""",غير مسموح، لا يمكن أن يتجاوز {} السعة القصوى {}
Patient already has an appointment booked for the same day!,المريض لديه بالفعل موعد محجوز لليوم نفسه!
Insurance Coverage not created!Not supported as Automate Appointment Invoicing enabled,لم يتم إنشاء تغطية التأمين!<br>غير مدعوم لأن <b>فوترة الموعد التلقائية</b> مفعّلة
Maximum appointments cannot be more than {0} in row #{1},الحد الأقصى للمواعيد لا يمكن أن يكون أكثر من {0} في الصف #{1}
Therapy Plan Required,خطة العلاج مطلوبة
Therapy Plan is required to create Therapy Session,خطة العلاج مطلوبة لإنشاء جلسة علاجية
Lab Test Item {0} already exist,صنف الاختبار المخبري {0} موجود بالفعل
Row #{0}: Conversion Factor is mandatory,الصف #{0}: عامل التحويل إلزامي
Conversion Factor is mandatory,عامل التحويل إلزامي
Not permitted. Please disable the Lab Test Template,غير مسموح. يرجى تعطيل قالب الاختبار المخبري
Invalid Quantity,كمية غير صالحة
Sample Quantity cannot be negative or 0,كمية العينة لا يمكن أن تكون سالبة أو 0
Standard Selling Rate should be greater than zero.,يجب أن يكون سعر البيع القياسي أكبر من صفر.
Customer Not Found,العميل غير موجود
Please set Customer in Patient {0},يرجى تعيين العميل في المريض {0}
Clinical Procedure ({0}):,إجراء سريري ({0}):
Already Exist,موجود بالفعل
Clinical Procedure {0} already created from service request {1},تم إنشاء الإجراء السريري {0} بالفعل من طلب الخدمة {1}
An Inpatient Medication Order {0} against Patient Encounter {1} already exists.,يوجد بالفعل أمر دواء لمنوّم {0} لزيارة المريض {1}.
No Inpatient Record found against patient {0},لم يتم العثور على سجل منوّم  للمريض {0}
Invalid Number of Service Units,عدد وحدات الخدمة غير صالح
Number of Service Units to be created should at least be 1,يجب أن يكون عدد وحدات الخدمة المراد إنشاؤها 1 على الأقل
Missing Required Fields,حقول مطلوبة مفقودة
Service Unit Name and Company are mandatory to create Healthcare Service Units,اسم وحدة الخدمة والشركة إلزاميان لإنشاء وحدات خدمة الرعاية الصحية
Please set a valid Service Unit Capacity to enable Overlapping Appointments,يرجى تعيين سعة صالحة لوحدة الخدمة لتمكين تداخل المواعيد
Not Allowed,غير مسموح
"""Cannot Submit, not all samples are marked as 'Collected'.""",لا يمكن التقديم، ليست كل العينات مميّزة كـ 'تم الجمع'.
An active contract for this Insurance Payor already exists: {0},يوجد بالفعل عقد نشط لهذه الجهة الدافعة للتأمين: {0}
Start Date should be before End Date,يجب أن يكون تاريخ البدء قبل تاريخ الانتهاء
Insufficient Stock,مخزون غير كافٍ
Shortage Qty,نقص الكمية
Please enable Allow Negative Stock in Stock Settings or create Stock Entry to proceed.,يرجى تفعيل السماح بالمخزون السالب في إعدادات المخزون أو إنشاء قيد مخزون للمتابعة.
Quantity not available for the following items in warehouse {0}.,الكمية غير متاحة للأصناف التالية في المخزن {0}.
Row {0}: This Medication Order is already marked as completed,الصف {0}: تم بالفعل وضع علامة مكتمل على أمر الدواء هذا
Row {0}: Cannot create Inpatient Medication Entry against cancelled Inpatient Medication Order {1},الصف {0}: لا يمكن إنشاء إدخال دواء للمنوّمين مقابل أمردواء ملغي للمنوّمين  {1}
Success,نجاح
Inpatient Medication Orders updated successfully,تم تحديث أوامر أدوية للمنوّمين بنجاح
Stock Entry {0} created and,تم إنشاء قيد المخزون {0} و
No pending medication orders found for selected criteria,لم يتم العثور على أوامر أدوية معلّقة للمعايير المحددة
Therapy Plan {0} created successfully.,تم إنشاء خطة العلاج {0} بنجاح.
Row #{0} (Lab Tests): Observation Template or Lab Test Template is mandatory,الصف #{0} (اختبارات مخبرية): قالب الملاحظة أو قالب الاختبار المخبري إلزامي
Row #{0} (Drug Prescription): Drug Code is mandatory,الصف #{0} (وصفة الدواء): رمز الدواء إلزامي
Unavailable block for a practitioner must overlap at least partially with an existing Availability,يجب أن يتداخل حظر عدم التوفر للممارس جزئيًا على الأقل مع توفر موجود
End time must be after start time.,يجب أن يكون وقت الانتهاء بعد وقت البدء.
Practitioner Availability End time must be after Start time.,يجب أن يكون وقت انتهاء توفر الممارس بعد وقت البدء.
Practitioner Availability Start and End times are required.,مطلوب تحديد وقت بدء وانتهاء توفر الممارس.
Orders Created from Treatment Counselling,أوامر تم إنشاؤها من استشارة العلاج
Incomplete Services,خدمات غير مكتملة
There are Orders yet to be carried out {0},لا تزال هناك أوامر لم تُنفّذ بعد<b> {0}
Service Unit Occupied,وحدة الخدمة مشغولة
The selected Service Unit {0} is already occupied. Please choose a vacant Service Unit.,وحدة الخدمة المحددة <strong>{0}</strong> مشغولة بالفعل. يرجى اختيار وحدة خدمة شاغرة.
Unbilled Services,خدمات غير مفوترة
Documents,المستندات
Cannot mark Inpatient Record as Discharged since there are unbilled services.,لا يمكن وضع سجل المنوّم كخارج بسبب وجود خدمات غير مفوترة.
"""Missing required details, did not create Inpatient Record""",تفاصيل مطلوبة مفقودة، لم يتم إنشاء سجل المنوّمين
Claim already created for all Inpatient Occupancies,تم إنشاء مطالبة بالفعل لكل إشغالات المنوّمين
Selling Price List not found. Please configure a valid Price List in the document.,لم يتم العثور على قائمة أسعار البيع. يرجى إعداد قائمة أسعار صالحة في المستند.
Row #{0}: Check Out datetime cannot be less than Check In datetime,الصف #{0}: لا يمكن أن يكون تاريخ ووقت الخروج أقل من تاريخ ووقت الدخول
Expected and Discharge dates cannot be less than Admission Schedule date,لا يمكن أن تكون التواريخ المتوقعة والخروج أقل من تاريخ جدولة الدخول
Not permitted. Please disable the Service Unit Type,غير مسموح. يرجى تعطيل نوع وحدة الخدمة
Healthcare Service Unit Type must allow atleast one among {0} and {1},يجب أن يسمح نوع وحدة خدمة الرعاية الصحية بواحد على الأقل من {0} و{1}
Validation Error,خطأ تحقق
Healthcare Service Unit Type cannot have both {0} and {1},لا يمكن أن يحتوي نوع وحدة خدمة الرعاية الصحية على كلا {0} و{1}
This is based on transactions against this Patient. See timeline below for details,هذا يعتمد على المعاملات الخاصة بهذا المريض. راجع الخط الزمني أدناه للتفاصيل
Patient not found,لم يتم العثور على المريض
Customer {0} created and linked to Patient,تم إنشاء العميل {0} وربطه بالمريض
Customer {0} updated,تم تحديث العميل {0}
Day(s),يوم/أيام
Month(s),شهر/أشهر
Year(s),سنة/سنوات
Please check email / mobile or disable 'Invite as User' to skip creating User,<br>يرجى التحقق من البريد الإلكتروني / الجوال أو تعطيل 'دعوة كمستخدم' لتجاوز إنشاء المستخدم
""", Mobile {}""",", الجوال {}"
User exists with Email {},يوجد مستخدم بالبريد الإلكتروني {}
"""Please set defaults for Customer Group, Territory and Selling Price List in Selling Settings""",يرجى تعيين القيم الافتراضية لمجموعة العملاء والإقليم وقائمة أسعار البيع في إعدادات البيع
Item Eligibility overlaps with {eligibility},تتداخل أهلية الصنف مع {eligibility}
Valid From date cannot be after Valid Till date,لا يمكن أن يكون تاريخ <b>صالح من</b> بعد تاريخ <b>صالح حتى</b>
Invalid Coverage / Discount percentage,نسبة تغطية / خصم غير صالحة
Please select a Medication,يرجى اختيار دواء
"""Cannot link existing Item Code {}, UOM {} does not match with Item Stock UOM""",لا يمكن ربط رمز الصنف الموجود {}، وحدة القياس {} لا تطابق وحدة قياس مخزون الصنف
Item {} has been already used in Medication,تم استخدام الصنف <b>{}</b> بالفعل في <b><a href='/app/medication/{}'>دواء</a></b>
Error in formula,خطأ في المعادلة
"Hint: {4}""""""""""","<br><br> <b>تلميح:</b> {4}"""""""""""
"""""""""""Error while evaluating the {0} {1} at row {2}.  Error: {3}","""""""""""خطأ أثناء تقييم {0} {1} في الصف {2}. <br><br> <b>خطأ:</b> {3}"
This error can be due to invalid formula.,قد يكون هذا الخطأ بسبب معادلة غير صالحة.
Please enter result for all components to Approve.,يرجى إدخال النتيجة لجميع المكونات للاعتماد.
Please enter result to Approve.,يرجى إدخال النتيجة للاعتماد.
Non numeric result {0} is not allowed for Permitted Type {1},النتيجة غير الرقمية {0} غير مسموحة لنوع المسموح {1}
Non numeric result {0} is not allowed for Permitted Data Type {1},النتيجة غير الرقمية {0} غير مسموحة لنوع البيانات المسموح {1}
Nursing Task cannot be 'Draft' after submission,لا يمكن أن تكون مهمة التمريض 'مسودة' بعد التقديم
Not Allowed to 'Complete' Nursing Task without linking Task Document,غير مسموح 'إكمال' مهمة تمريض دون ربط مستند المهمة
Not Allowed to cancel Nursing Task with status 'Completed',غير مسموح بإلغاء مهمة تمريض بحالة 'مكتمل'
Patient {0} already has an Insurance Policy {1} with the same Policy Number {2},المريض {0} لديه بالفعل وثيقة تأمين {1} بنفس رقم الوثيقة {2}
Duplicate,مكرر
Patient {0} already has an active insurance policy {1} with the coverage plan {2} for this period,المريض {0} لديه بالفعل وثيقة تأمين نشطة {1} مع خطة التغطية {2} لهذه الفترة
Expiry Date for the Insurance Policy cannot be a past date,لا يمكن أن يكون تاريخ انتهاء وثيقة التأمين تاريخًا سابقًا
Maximum Quantity Exceeded,تم تجاوز الحد الأقصى للكمية
Maximum billable quantity exceeded by {0},تم تجاوز الحد الأقصى للكمية القابلة للفوترة بمقدار {0}
Payment Required,الدفع مطلوب
Service Request need to be invoiced before proceeding,يجب فوترة طلب الخدمة قبل المتابعة
Missing Mandatory Fields,حقول إلزامية مفقودة
Order Template Type and Order Template are mandatory to create Service Request,نوع قالب الأمر وقالب الأمر إلزاميان لإنشاء طلب خدمة
Please submit a Discharge Summary to proceed with discharging the patient.,يرجى تقديم ملخص الخروج للمتابعة بخروج المريض.
Item with Item Code {0} already exists,الصنف برمز {0} موجود بالفعل
Item {0} is not active,الصنف {0} غير نشط
Row #{0}: Field {1} in Document Type {2} is not a Date / Datetime field.,الصف #{0}: الحقل {1} في نوع المستند {2} ليس حقل تاريخ/تاريخ ووقت.
Row #{0}: No such Field named {1} found in the Document Type {2}.,الصف #{0}: لم يتم العثور على حقل باسم {1} في نوع المستند {2}.
Patient Medical Record can only be created for submittable document types.,يمكن إنشاء السجل الطبي للمريض فقط لأنواع المستندات القابلة للتقديم.
Row #{0}: Document Type {1} is not submittable.,الصف #{0}: نوع المستند {1} غير قابل للتقديم.
To Discharge,للخروج
To Admit,للتنويم
discharged,تم الخروج
admitted,تمت إقامته
type,النوع
Paid,مدفوع
Outstanding,مستحق
rejected,مرفوض
paid,مدفوع
outstanding,مستحق
approved,معتمد
payor,الجهة الدافعة
You need to be logged in to access this page,تحتاج إلى تسجيل الدخول للوصول إلى هذه الصفحة
Average Score,متوسط الدرجة
Sessions,الجلسات
Score Obtained,الدرجة المحصّلة
Targetted,المستهدف
Lab Technician,فني مختبر
Total,الإجمالي
Please complete linked Nursing Tasks before submission: {},يرجى إكمال مهام التمريض المرتبطة قبل التقديم: {}
The item referenced by {0} - {1} is already invoiced,الصنف المشار إليه بواسطة {0} - {1} مفوتر بالفعل
Receivable Account not configured for Insurance Payor,حساب المدينين غير مُهيأ لجهة الدفع التأمينية
OP Consulting Charge,رسوم استشارة العيادات الخارجية
Missing Configuration,تهيئة مفقودة
Please Configure Clinical Procedure Consumable Item in {0},يرجى تهيئة صنف مستهلك الإجراء السريري في {0}
Patient {0} is not linked to a Customer {1},المريض <b>{0}</b> غير مرتبط بعميل <b><a href='/app/Form/Patient/{1}'>{1}</a></b>
Customer {0} has been linked to Patient,تم ربط العميل {0} بالمريض
"""The request is not yet 'actionable', e.g. it is a work in progress, requires sign-off, verification or needs to be run through decision support process.""",الطلب ليس 'قابلًا للتنفيذ' بعد، مثل أنه قيد العمل، ويتطلب توقيعًا أو تحققًا أو يحتاج للمرور عبر عملية دعم القرار.
"""The request was recorded against the wrong patient or for some reason should not have been recorded (e.g. wrong medication, wrong dose, etc.). Some of the actions that are implied by the medication request may have occurred. For example, the medication may have been dispensed and the patient may have taken some of the medication.""",تم تسجيل الطلب على المريض الخطأ أو لسبب ما لا ينبغي تسجيله (مثل دواء خاطئ، جرعة خاطئة، إلخ). قد تكون بعض الإجراءات المضمنة في طلب الدواء قد حدثت. على سبيل المثال، قد يكون تم صرف الدواء وقد يكون المريض تناول بعض الدواء.
The request has been withdrawn before any administrations have occurred,تم سحب الطلب قبل حدوث أي إعطاء.
All actions that are implied by the request have occurred.,جميع الإجراءات المضمنة في الطلب قد حدثت.
"""Actions implied by the request are to be permanently halted, before all of the administrations occurred. This should not be used if the original order was entered in error""",يجب إيقاف الإجراءات المضمنة في الطلب بشكل دائم قبل حدوث جميع الجرعات. لا ينبغي استخدام هذا إذا كان الأمر الأصلي قد أُدخل بالخطأ
Stopped,موقوف
The request is no longer active and the subject should no longer be taking the medication.,الطلب لم يعد نشطًا ولا ينبغي للموضوع الاستمرار في تناول الدواء.
Ended,انتهى
Actions implied by the request are to be temporarily halted. The request might or might not be resumed. May also be called 'suspended'.,يجب إيقاف الإجراءات المضمنة في الطلب مؤقتًا. قد يُستأنف الطلب أو لا يُستأنف. وقد يُسمّى أيضًا 'معلّق'.
"""The request is 'actionable', but not all actions that are implied by it have occurred yet.""",الطلب 'قابل للتنفيذ'، لكن لم تحدث بعد جميع الإجراءات المضمنة فيه.
"""The authoring/source system does not know which of the status values currently applies for this request. Note: This concept is not to be used for 'other' - one of the listed statuses is presumed to apply, but the authoring/source system does not know which.""",لا يعرف نظام التأليف/المصدر أيّ قيم الحالة تنطبق حاليًا على هذا الطلب. ملاحظة: لا يجب استخدام هذا المفهوم لـ 'أخرى' - يُفترض أن إحدى الحالات المدرجة تنطبق، لكن نظام التأليف/المصدر لا يعرف أيّها.
"""This request should never have existed and should be considered 'void'. (It is possible that real-world decisions were based on it. If real-world activity has occurred, the status should be 'revoked' rather than 'entered-in-error'.).""",لم يكن ينبغي أن يوجد هذا الطلب ويجب اعتباره 'باطل'. (قد تكون القرارات الواقعية قد استندت إليه. إذا حدث نشاط في العالم الحقيقي، فيجب أن تكون الحالة 'ملغي' بدلاً من 'أُدخل بالخطأ'.).
The activity described by the request has been fully performed. No further activity will occur.,تم تنفيذ النشاط الموصوف بالطلب بالكامل. لن يحدث أي نشاط إضافي.
The request (and any implicit authorization to act) has been terminated prior to the known full completion of the intended actions. No further activity should occur.,تم إنهاء الطلب (وأي تفويض ضمني بالإجراء) قبل إتمام الإجراءات المقصودة بالكامل. لا ينبغي حدوث أي نشاط إضافي.
The request (and any implicit authorization to act) has been temporarily withdrawn but is expected to resume in the future.,تم سحب الطلب (وأي تفويض ضمني بالإجراء) مؤقتًا ومن المتوقع استئنافه لاحقًا.
The request is in force and ready to be acted upon.,الطلب ساري وجاهز للتنفيذ.
The request has been created but is not yet complete or ready for action.,تم إنشاء الطلب لكنه ليس مكتملًا بعد أو جاهزًا للإجراء.
Medication Request Status Codes.,رموز حالة طلب الدواء.
Medication Request Status,حالة طلب الدواء
Request Status Codes.,رموز حالة الطلب.
Request Status,حالة الطلب
"""The authoring/source system does not know which of the status values currently applies for this observation. Note: This concept is not to be used for 'other' - one of the listed statuses is presumed to apply, but the authoring/source system does not know which.""",لا يعرف نظام التأليف/المصدر أيّ قيم الحالة تنطبق حاليًا على هذه الملاحظة. ملاحظة: لا يجب استخدام هذا المفهوم لـ 'أخرى' - يُفترض أن إحدى الحالات المدرجة تنطبق، لكن نظام التأليف/المصدر لا يعرف أيّها.
"""The observation has been withdrawn following previous final release. This electronic record should never have existed, though it is possible that real-world decisions were based on it. (If real-world activity has occurred, the status should be 'cancelled' rather than 'entered-in-error'.).""",تم سحب الملاحظة بعد إصدار نهائي سابق. لم يكن ينبغي أن يوجد هذا السجل الإلكتروني أبدًا، رغم احتمال أن قرارات في العالم الحقيقي استندت إليه. (إذا حدث نشاط في العالم الحقيقي، فيجب أن تكون الحالة 'ملغي' بدلاً من 'أُدخل بالخطأ'.).
The observation is unavailable because the measurement was not started or not completed (also sometimes called 'aborted,الملاحظة غير متاحة لأن القياس لم يبدأ أو لم يكتمل (ويُسمّى أحيانًا 'ملغى
"""Subsequent to being Final, the observation has been modified to correct an error in the test result.""",بعد أن أصبحت نهائية، تم تعديل الملاحظة لتصحيح خطأ في نتيجة الاختبار.
"""Subsequent to being Final, the observation has been modified subsequent. This includes updates/new information and corrections.""",بعد أن أصبحت نهائية، تم تعديل الملاحظة لاحقًا. يشمل ذلك التحديثات/المعلومات الجديدة والتصحيحات.
The observation is complete and there are no further actions needed.),الملاحظة مكتملة ولا توجد إجراءات أخرى مطلوبة.)
This is an initial or interim observation: data may be incomplete or unverified.,هذه ملاحظة أولية أو مؤقتة: قد تكون البيانات غير مكتملة أو غير مُتحقّق منها.
"""Observations that measure or record any bodily activity that enhances or maintains physical fitness and overall health and wellness. Not under direct supervision of practitioner such as a physical therapist. (e.g., laps swum, steps, sleep data.)""",ملاحظات تقيس أو تسجّل أي نشاط بدني يعزز اللياقة البدنية والصحة العامة والرفاه. ليست تحت إشراف مباشر من الممارس مثل المعالج الفيزيائي. (مثل عدد اللفات المسبوحة، الخطوات، بيانات النوم.)
Observation Status,حالة الملاحظة
"""Observations that measure or record any bodily activity that enhances or maintains physical fitness and overall health and wellness. Not under direct supervision of practitioner such as a physical therapist. (e.g., laps swum, steps, sleep data)""",ملاحظات تقيس أو تسجّل أي نشاط بدني يعزز اللياقة البدنية والصحة العامة والرفاه. ليست تحت إشراف مباشر من الممارس مثل المعالج الفيزيائي. (مثل عدد اللفات المسبوحة، الخطوات، بيانات النوم)
"""Observations generated by non-interventional treatment protocols (e.g. occupational, physical, radiation, nutritional and medication therapy)""",ملاحظات ناتجة عن بروتوكولات علاج غير تداخلية (مثل العلاج الوظيفي والبدني والإشعاعي والتغذوي والدوائي)
Observations generated by physical exam findings including direct observations made by a clinician and use of simple instruments and the result of simple maneuvers performed directly on the patient's body.,ملاحظات ناتجة عن نتائج الفحص البدني بما في ذلك الملاحظات المباشرة التي يجريها الطبيب واستخدام أدوات بسيطة ونتائج المناورات البسيطة التي تُجرى مباشرة على جسم المريض.
"""Assessment tool/survey instrument observations (e.g., Apgar Scores, Montreal Cognitive Assessment (MoCA)).""",ملاحظات أدوات التقييم/الاستبيان (مثل درجات أبغار، وتقييم مونتريال الإدراكي (MoCA)).
"""Observations generated by other procedures. This category includes observations resulting from interventional and non-interventional procedures excluding laboratory and imaging (e.g., cardiology catheterization, endoscopy, electrodiagnostics, etc.). Procedure results are typically generated by a clinician to provide more granular information about component observations made during a procedure. An example would be when a gastroenterologist reports the size of a polyp observed during a colonoscopy.""",ملاحظات ناتجة عن إجراءات أخرى. تشمل هذه الفئة الملاحظات الناتجة عن الإجراءات التداخلية وغير التداخلية باستثناء المختبر والتصوير (مثل قسطرة القلب والتنظير والفحوصات الكهربائية التشخيصية، إلخ). عادةً ما تُنتج نتائج الإجراءات بواسطة طبيب سريري لتوفير معلومات أكثر تفصيلاً عن الملاحظات المكوّنة أثناء الإجراء. مثال: عندما يذكر أخصائي الجهاز الهضمي حجم سليلة لوحظت أثناء تنظير القولون.
"""The results of observations generated by laboratories. Laboratory results are typically generated by laboratories providing analytic services in areas such as chemistry, hematology, serology, histology, cytology, anatomic pathology (including digital pathology), microbiology, and/or virology. These observations are based on analysis of specimens obtained from the patient and submitted to the laboratory.""",نتائج الملاحظات الناتجة عن المختبرات. عادةً ما تُنتج نتائج المختبرات في مختبرات تقدم خدمات تحليلية في مجالات مثل الكيمياء والدمويات والأمصال وعلم الأنسجة وعلم الخلايا وعلم الأمراض التشريحية (بما في ذلك علم الأمراض الرقمي) وعلم الأحياء الدقيقة و/أو علم الفيروسات. تستند هذه الملاحظات إلى تحليل عينات مأخوذة من المريض ومقدمة إلى المختبر.
"""Observations generated by imaging. The scope includes observations regarding plain x-ray, ultrasound, CT, MRI, angiography, echocardiography, and nuclear medicine.""",ملاحظات ناتجة عن التصوير. يشمل النطاق ملاحظات حول الأشعة السينية العادية، والموجات فوق الصوتية، والتصوير المقطعي، والرنين المغناطيسي، وتصوير الأوعية، وتخطيط صدى القلب، والطب النووي.
"""Clinical observations measure the body's basic functions such as blood pressure, heart rate, respiratory rate, height, weight, body mass index, head circumference, pulse oximetry, temperature, and body surface area.""",الملاحظات السريرية تقيس الوظائف الأساسية للجسم مثل ضغط الدم ومعدل ضربات القلب ومعدل التنفس والطول والوزن ومؤشر كتلة الجسم ومحيط الرأس وقياس التأكسج النبضي ودرجة الحرارة ومساحة سطح الجسم.
"""Social History Observations define the patient's occupational, personal (e.g., lifestyle), social, familial, and environmental history and health risk factors that may impact the patient's health.""",ملاحظات التاريخ الاجتماعي تُعرّف التاريخ المهني والشخصي (مثل نمط الحياة) والاجتماعي والعائلي والبيئي للمريض وعوامل الخطر الصحية التي قد تؤثر على صحة المريض.
Codes providing the status of an observation.,رموز توضح حالة الملاحظة.
ObservationStatus,حالة الملاحظة
Observation Category codes.,رموز فئة الملاحظة.
ObservationCategory,فئة الملاحظة
The lifecycle status of an artifact.,حالة دورة حياة المكوّن.
PublicationStatus,حالة النشر
All published FHIR Versions.,جميع إصدارات FHIR المنشورة.
ICD-10-CM (United States),ICD-10-CM (الولايات المتحدة)
ICD-9-CM (procedure codes),ICD-9-CM (رموز الإجراءات)
Using ICD-[x] with HL7 Standards. https://terminology.hl7.org/ICD.html,استخدام ICD-[x] مع معايير HL7. https://terminology.hl7.org/ICD.html
ICD-9-CM (clinical codes),ICD-9-CM (رموز سريرية)
Using UCUM with HL7 Standards. https://terminology.hl7.org/UCUM.html,استخدام UCUM مع معايير HL7. https://terminology.hl7.org/UCUM.html
pCLUCUMOCD,pCLUCUMOCD
Using LOINC with HL7 Standards. https://terminology.hl7.org/LOINC.html,استخدام LOINC مع معايير HL7. https://terminology.hl7.org/LOINC.html
LOINC,LOINC
Using RxNorm with HL7 Standards. https://terminology.hl7.org/RxNorm.html,استخدام RxNorm مع معايير HL7. https://terminology.hl7.org/RxNorm.html
RxNorm,RxNorm
"https://www.hl7.org/fhir/snomedct-usage.html""""""""""","https://www.hl7.org/fhir/snomedct-usage.html"""""""""""
"""""""""""Using SNOMED CT with HL7 Standards. https://terminology.hl7.org/SNOMEDCT.html","""""""""""استخدام SNOMED CT مع معايير HL7. https://terminology.hl7.org/SNOMEDCT.html"
SNOMED CT,SNOMED CT
5.0.0,5.0.0
"""""""""""Indicates the mechanism used to compare versions to determine which is more current.""""""""""","""""""""""يشير إلى الآلية المستخدمة لمقارنة الإصدارات لتحديد الأحدث."""""""""""
FHIRVersion,إصدار FHIR
The request should be actioned immediately - highest possible priority. E.g. an emergency.,يجب التعامل مع الطلب فورًا - أعلى أولوية ممكنة. مثل حالة طارئة.
STAT,فوري
The request should be actioned as soon as possible - higher priority than urgent.,يجب التعامل مع الطلب بأسرع وقت ممكن - أولوية أعلى من العاجل.
ASAP,في أسرع وقت
The request should be actioned promptly - higher priority than routine.,يجب التعامل مع الطلب بسرعة - أولوية أعلى من الروتيني.
Urgent,عاجل
The request has normal priority.,الطلب ذو أولوية عادية.
Routine,روتيني
"""The request represents a component or option for a RequestOrchestration that establishes timing, conditionality and/or other constraints among a set of requests.""",يمثل الطلب مكوّنًا أو خيارًا لتنظيم الطلبات يحدد التوقيت والشروط و/أو قيودًا أخرى بين مجموعة من الطلبات.
Option,خيار
An order created in fulfillment of a broader order that represents the authorization for a single activity occurrence. E.g. The administration of a single dose of a drug.,أمر يُنشأ تنفيذًا لأمر أوسع ويمثل التفويض لحدوث نشاط واحد. مثال: إعطاء جرعة واحدة من دواء.
Instance Order,أمر مثيل
The request represents the view of an authorization instantiated by a fulfilling system representing the details of the fulfiller's intention to act upon a submitted order.,يمثل الطلب رؤية تفويض تم إنشاؤه بواسطة نظام منفّذ يوضح تفاصيل نية المنفّذ لاتخاذ إجراء بشأن أمر مقدّم.
Filler Order,أمر منفّذ
The request represents an automatically generated supplemental authorization for action based on a parent authorization together with initial results of the action taken against that parent authorization.,يمثل الطلب تفويضًا تكميليًا مُولّدًا تلقائيًا للإجراء استنادًا إلى تفويض أصل، مع النتائج الأولية للإجراء المتخذ وفق ذلك التفويض.
Reflex Order,أمر انعكاسي
The request represents an original authorization for action.,يمثل الطلب تفويضًا أصليًا للإجراء.
Original Order,أمر أصلي
The request represents a legally binding instruction authored by a Patient or RelatedPerson.,يمثل الطلب توجيهًا ملزمًا قانونيًا صادرًا عن المريض أو شخص ذي صلة.
Directive,توجيه
The request represents an intention to ensure something occurs without providing an authorization for others to act.,يمثل الطلب نية لضمان حدوث شيء ما دون منح تفويض للآخرين لاتخاذ إجراء.
The request is a suggestion made by someone/something that does not have an intention to ensure it occurs and without providing an authorization to act.,الطلب عبارة عن اقتراح من شخص/شيء دون نية لضمان حدوثه ودون تفويض بالإجراء.
Proposal,اقتراح
The request represents a request/demand and authorization for action by the requestor.,يمثل الطلب طلبًا/مطالبة وتفويضًا للإجراء من قِبل مقدم الطلب.
Order,أمر
Identifies the level of importance to be assigned to actioning the request.,تحدد مستوى الأهمية الذي يُعيّن لتنفيذ الطلب.
Codes indicating the degree of authority/intentionality associated with a request.,رموز تشير إلى درجة الصلاحية/القصديّة المرتبطة بالطلب.
Diagnostic,تشخيصي
Intervention,تدخّل
Preventive,وقائي
Intermediate,متوسط
Resistant,مقاوم
Susceptible,حساس
Moderate Sensitivity,حساسية متوسطة
High Sensitivity,حساسية عالية
Low Sensitivity,حساسية منخفضة
All Customer Groups,كل مجموعات العملاء
All Item Groups,كل مجموعات الأصناف
Medication Item wise Sales,مبيعات حسب صنف الدواء
Laboratory User,مستخدم المختبر
LabTest Approver,معتمد الاختبار المخبري
Planned vs Actual Therapy Session,جلسات العلاج المخطط لها مقابل الفعلية
Physician,طبيب
Nursing User,مستخدم التمريض
Healthcare Administrator,مسؤول الرعاية الصحية
System Manager,مدير النظام
{} Draft,{} مسودة
{} Pending,{} قيد الانتظار
Total Sessions to Bill,إجمالي الجلسات للفوترة
Planned Sessions,جلسات مخطط لها
Pending Therapy Plans,خطط علاج معلّقة
Pending Sessions,جلسات معلّقة
Plan & Assessment,الخطة والتقييم
Reports & Pages,التقارير والصفحات
Medication Entry,إدخال دواء
Medication Order,أمر دواء
{} Admitted,{} منوّم
Total IP Records,إجمالي السجلات
In-Process IP Orders,أوامر قيد المعالجة
Pending IP Medications,أدوية المنوّمين المعلّقة
Admitted Patients,المرضى
Admission Status,حالة الدخول
Encounter,زيارة
Appointments To Bill,مواعيد للفوترة
Patient Appointments,مواعيد المرضى
Payment Entry,قيد الدفع
Billing & Payments,الفوترة والمدفوعات
Reports and Pages,التقارير والصفحات
{} Vacant,{} شاغر
{} Active,{} نشط
{} Open,{} مفتوح
Appointments to Bill,مواعيد للفوترة
Open Appointments,مواعيد مفتوحة
Total Patients Admitted,إجمالي المرضى
Total Patients,إجمالي المرضى
Department wise Patient Appointments,مواعيد المرضى حسب القسم
Outpatient,العيادات الخارجية
Laboratory Setup,إعدادات المختبر
Consultation Setup,إعداد الاستشارات
Terminology Mapping,ربط المصطلحات
Nursing,التمريض
Diagnostic Module,وحدة التشخيص
Diagnosis Trends,اتجاهات التشخيص
Lab Test Report,تقرير الاختبار المخبري
Patient Appointment Analytics,تحليلات مواعيد المرضى
Reports,التقارير
Patient Progress,تقدم المريض
Records and History,السجلات والتاريخ
Settings,الإعدادات
Overview,نظرة عامة
Healthcare,الرعاية الصحية
Diagnostics Setup,إعدادات التشخيص
Rehabilitation and Physiotherapy,إعادة التأهيل والعلاج الطبيعي
Outpatient Setup,إعدادات العيادات الخارجية
Facility,المنشأة
Insurance Setup,إعدادات التأمين
Service Definitions,تعريفات الخدمة
Terminology (Medical Codes),المصطلحات (الرموز الطبية)
Setup,الإعداد
Patient History,تاريخ المريض
Draft Observations,ملاحظات مسودة
Pending Sample Collection,جمع عينات معلّق
Active Service Requests,طلبات خدمة نشطة
Open Diagnostic Reports,تقارير تشخيصية مفتوحة
Observations,الملاحظات
Laboratory (Legacy),المختبر (قديم)
Eligibility Plan,خطة الأهلية
Outstanding Claims,مطالبات مستحقة
Paid Claims,مطالبات مدفوعة
Paid Claims Value,قيمة المطالبات المدفوعة
Outstanding Claims Value,قيمة المطالبات المستحقة
Insurance Claim Status,حالة مطالبة التأمين
Payor Contract,عقد جهة الدفع
Masters,البيانات الرئيسية
Patient and Policy Details,تفاصيل المريض والوثيقة
Payment Account,حساب الدفع
Due Date,تاريخ الاستحقاق
Party (Customer),الطرف (العميل)
Total Insurance Claim Amount,إجمالي مبلغ مطالبة التأمين
Fetch Patient Coverages,جلب تغطيات المريض
Posting Date Based on,تاريخ القيد بناءً على
Claims,المطالبات
Insurance Claim,مطالبة التأمين
Fee Validity Reference,مرجع صلاحية الرسوم
Terms and Conditions Details,تفاصيل الشروط والأحكام
Terms,الشروط
Admission Encounter,زيارة الدخول
Encounter Status,حالة الزيارة
Inpatient Details,تفاصيل المنوّمين
Outstanding Amount,المبلغ المستحق
Treatment Plan Template Items,أصناف قالب خطة العلاج
Treatment Counselling,استشارة العلاج
Consultations,الاستشارات
Free Followup Details,تفاصيل المتابعة المجانية
Supplier,مورد
External,خارجي
Internal,داخلي
Practitioner Type,نوع الممارس
Primary Address,العنوان الرئيسي
"""Reselect, if the chosen address is edited after save""",أعد الاختيار إذا تم تعديل العنوان المختار بعد الحفظ
Practitioner Primary Address,العنوان الرئيسي للممارس
Email Id,معرّف البريد الإلكتروني
Mobile No,رقم الجوال
"""Reselect, if the chosen contact is edited after save""",أعد الاختيار إذا تم تعديل جهة الاتصال المختارة بعد الحفظ
Practitioner Primary Contact,جهة الاتصال الرئيسية للممارس
"""Select, to make the practitioner searchable with these fields""",اختر لجعل الممارس قابلاً للبحث بهذه الحقول
Primary Address and Contact,العنوان الرئيسي والاتصال
Google Calendar,تقويم Google
Basic Details,تفاصيل أساسية
Employee and User Details,تفاصيل الموظف والمستخدم
Default Currency,العملة الافتراضية
Account Details,تفاصيل الحساب
Charges,الرسوم
Practitioner Schedules,جداول الممارس
Phone (Office),الهاتف (مكتب)
Phone (R),الهاتف (منزل)
Hospital,المستشفى
Designation,المسمى الوظيفي
Employee,الموظف
Middle Name (Optional),الاسم الأوسط (اختياري)
Patient Encounter Symptom,عرض زيارة المريض
Test,اختبار
Normal Test Template,قالب اختبار طبيعي
Therapy Plan Template Detail,تفاصيل قالب خطة العلاج
Stock Entry,قيد المخزون
Inpatient Record Item,صنف سجل المنوّمين
Maximum Appointments,الحد الأقصى للمواعيد
Healthcare Schedule Time Slot,فترة زمنية لجدول الرعاية الصحية
Patient Gender,جنس المريض
Specimen Type,نوع العينة
Received Time,وقت الاستلام
Entered In Error,أُدخل بالخطأ
Unsatisfactory,غير مرضٍ
Prescription Dosage,جرعة الوصفة
Schedule,الجدول
Practitioner Service Unit Schedule,جدول وحدة خدمة الممارس
Treatment Counselling Required for IP,استشارة العلاج مطلوبة
Is Inpatient,منوّم
Plan,الخطة
"""Investigations, Therapy & Procedures""",التحاليل والعلاج والإجراءات
Patient Age To,عمر المريض إلى
Patient Age From,عمر المريض من
Plan Conditions,شروط الخطة
Practitioners,الممارسون
Goal,الهدف
Treatment Plan Template,قالب خطة العلاج
Organism Test Item,صنف اختبار الكائن
Code Description,وصف الرمز
Insurance Claim Details,تفاصيل مطالبة التأمين
Billing Summary,ملخص الفوترة
Total Coverage Amount Invoiced,إجمالي مبلغ التغطية المفوتر
Total Qty Invoiced,إجمالي الكمية المفوترة
Service Template,قالب الخدمة
Service Template Type,نوع قالب الخدمة
Patient Payable,مستحق على المريض
Claim Mode of Approval,طريقة اعتماد المطالبة
Insurance Eligibility Plan,خطة أهلية التأمين
Expiry Date of Patient's Insurance Policy (via Patient Insurance Policy) or Validity End Date of Coverage (via Item Insurance Eligibility),<b>تاريخ انتهاء وثيقة تأمين المريض</b> (عبر وثيقة تأمين المريض) أو <b>تاريخ نهاية صلاحية التغطية</b> (عبر أهلية تأمين الصنف)
Claim Validity End Date,تاريخ نهاية صلاحية المطالبة
Price List Rate,سعر قائمة الأسعار
Insurance Policy Details,تفاصيل وثيقة التأمين
Patient Insurance Coverage,تغطية تأمين المريض
"""Only applicable to status codes, all status codes are mapped to one of the codes defined as part of Resource Status (The master set of status codes used throughout FHIR)""",ينطبق فقط على رموز الحالة، حيث تُربط جميع رموز الحالة بأحد الرموز المحددة ضمن حالة المورد (المجموعة الرئيسية لرموز الحالة المستخدمة في FHIR)
Canonical Mapping,الربط القياسي
Level,المستوى
Official URL,الرابط الرسمي
Active Assist,مساعدة نشطة
Passive,سلبي
Assistance Level,مستوى المساعدة
Counts Completed,العدد المكتمل
Counts Target,العدد المستهدف
Exercise,تمرين
Qty,الكمية
Treatment Plan Template Item,صنف قالب خطة العلاج
Registration Item,صنف التسجيل
Payments app is not installed,تطبيق المدفوعات غير مثبت
Payment Gateway,بوابة الدفع
Payment Settings,إعدادات الدفع
"""If enabled, diagnostic details tab will show on patient portal""",عند التفعيل، سيظهر تبويب تفاصيل التشخيص في بوابة المريض
Show Diagnostics Tab on Portal,إظهار تبويب التشخيصات في البوابة
Default Appointment Type,نوع الموعد الافتراضي
To enable this feature need Payments App,لتفعيل هذه الميزة يلزم تطبيق المدفوعات
Collect Payment on Portal,تحصيل الدفع عبر البوابة
Patient Portal,بوابة المريض
Naming Series for Insurance Coverage Journal Entry,سلسلة التسمية لقيد يومية تغطية التأمين
Allow Discharge Despite Pending Healthcare Services,السماح بالخروج رغم وجود خدمات رعاية معلّقة
Nightly generate billable from Inpatient Occupancy,إنشاء بنود قابلة للفوترة ليلاً من إشغال للمنوّمين
Automatically Generate Billable,إنشاء بنود قابلة للفوترة تلقائيًا
Default Priority,الأولوية الافتراضية
Default Intent,النية الافتراضية
Default Code System,نظام الترميز الافتراضي
Create Observation(s) on Sales Invoice Submission,إنشاء ملاحظة/ملاحظات عند تقديم فاتورة المبيعات
Process Service Request If Billing Status Is Paid,معالجة طلب الخدمة إذا كانت حالة الفوترة مدفوع
For use while scheduling tele-consultations via Google Meet,للاستخدام عند جدولة الاستشارات عن بُعد عبر Google Meet
Default Google Calendar,تقويم Google الافتراضي
Alerts,التنبيهات
Billing & Accounts,الفوترة والحسابات
OP & IP,خارجي وداخلي
Validates all mandatory tasks in nursing checklist to be Completed before a Patient transactional event.,يتحقق من إكمال جميع المهام الإلزامية في قائمة التمريض قبل أي حدث معاملي للمريض.
Validate Nursing Checklists,التحقق من قوائم التمريض
Do Not Bill Patient Encounters for Inpatients,عدم فوترة زيارات المريض  للمنوّمين
Allow Discharge Despite Unbilled Healthcare Services,السماح بالخروج رغم خدمات رعاية غير مفوترة
Inpatient Settings,إعدادات التنويم
Enable Free Follow-ups,تمكين المتابعات المجانية
The number of free follow ups (Patient Encounters in valid days) allowed,عدد المتابعات المجانية المسموح بها (زيارات المريض خلال الأيام الصالحة)
Number of Patient Encounters in Valid Days,عدد زيارات المريض خلال الأيام الصالحة
Remind Before,التذكير قبل
Reminder Message,رسالة التذكير
Appointment Reminder,تذكير الموعد
Do not confirm if appointment is created for the same day,لا تؤكد إذا تم إنشاء الموعد لليوم نفسه
Avoid Confirmation,تجنب التأكيد
Confirmation Message,رسالة التأكيد
Appointment Confirmation,تأكيد الموعد
Registration Message,رسالة التسجيل
Patient Registration,تسجيل المريض
Checking this option will prompt for Appointment invoicing and payment,تحديد هذا الخيار سيعرض مطالبة بفوترة الموعد والدفع
Show Payment Prompt in Appointment,إظهار نافذة الدفع في الموعد
Auto Name,تسمية تلقائية
Patient Name By,تسمية المريض بواسطة
Checking this will create a Sample Collection document  every time you create a Lab Test,تحديد هذا سيؤدي إلى إنشاء مستند جمع عينات في كل مرة تنشئ فيها اختبارًا مخبريًا
Create Sample Collection document for Lab Test,إنشاء مستند جمع عينات للاختبار المخبري
Checking this will create Lab Test(s) specified in the Sales Invoice on submission.,تحديد هذا سيؤدي إلى إنشاء الاختبارات المخبرية المحددة في فاتورة المبيعات عند التقديم.
Create Lab Test(s) on Sales Invoice Submission,إنشاء اختبار/اختبارات مخبرية عند تقديم فاتورة المبيعات
"Patient Invoices will be created against this Customer. You can also select existing Customer while creating Patient.""",سيتم إنشاء فواتير المريض على هذا العميل. يمكنك أيضًا اختيار عميل موجود عند إنشاء المريض.
"""If checked, a customer will be created, mapped to Patient.",إذا تم تحديده، سيتم إنشاء عميل وربطه بالمريض.
Link Customer to Patient,ربط العميل بالمريض
Checking this will restrict printing and emailing of Lab Test documents unless they have the status as Approved.,تحديد هذا سيقيّد طباعة وإرسال مستندات الاختبار المخبري ما لم تكن حالتها معتمد.
Do not print or email Lab Tests without Approval,لا تطبع أو ترسل اختبارات المختبر بالبريد دون اعتماد
Result Emailed Message,رسالة إرسال النتيجة بالبريد
Result Printed Message,رسالة طباعة النتيجة
Laboratory SMS Alerts,تنبيهات SMS للمختبر
Custom Signature in Print,توقيع مخصص في الطباعة
Check this if you want the Name and Designation of the Employee associated with the User who submits the document to be printed in the Lab Test Report.,حدد هذا إذا كنت تريد طباعة اسم ومسمى الموظف المرتبط بالمستخدم الذي يقدّم المستند في تقرير الاختبار المخبري.
Employee name and designation in print,اسم الموظف ومسمّاه الوظيفي في الطباعة
Laboratory Settings,إعدادات المختبر
Default receivable accounts to be used to book Appointment charges.,حسابات المدينين الافتراضية المستخدمة لحجز رسوم الموعد.
Receivable Account,حساب المدينين
Default income accounts to be used if not set in Healthcare Practitioner to book Appointment charges.,حسابات الإيرادات الافتراضية المستخدمة إذا لم تُحدَّد في ممارس الرعاية الصحية لحجز رسوم الموعد.
Income Account,حساب الإيرادات
Default Accounts,الحسابات الافتراضية
Out Patient SMS Alerts,تنبيهات SMS للعيادات الخارجية
Clinical Procedure Consumable Item,صنف مستهلك للإجراء السريري
"""You can configure default Items for billing consultation charges, procedure consumption items and inpatient visits""",يمكنك إعداد أصناف افتراضية لفوترة رسوم الاستشارات وأصناف استهلاك الإجراءات وزيارات المنوّمين
Default Healthcare Service Items,أصناف خدمات الرعاية الصحية الافتراضية
Time period (Valid number of days) for free consultations,الفترة الزمنية (عدد الأيام الصالح) للاستشارات المجانية
Valid Number of Days,عدد الأيام الصالح
Registration Fee,رسوم التسجيل
Checking this will create new Patients with a Disabled status by default and will only be enabled after invoicing the Registration Fee.,سيؤدي تحديد هذا إلى إنشاء مرضى جدد بحالة معطّل افتراضيًا ولن يتم تمكينهم إلا بعد فوترة رسوم التسجيل.
Collect Fee for Patient Registration,تحصيل رسوم تسجيل المريض
Outpatient Settings,إعدادات العيادات الخارجية
Healthcare Settings,إعدادات الرعاية الصحية
Result Component,مكوّن النتيجة
Descriptive Test Template,قالب اختبار وصفي
Body Parts,أجزاء الجسم
Exercise Steps,خطوات التمرين
Steps Table,جدول الخطوات
Steps,خطوات
Exercise Video,فيديو التمرين
Exercise Instructions,تعليمات التمرين
Exercise Name,اسم التمرين
Exercise Type,نوع التمرين
Default Code System to be used when creating Insurance Claim,نظام الترميز الافتراضي لاستخدامه عند إنشاء مطالبة تأمين
Insurance Claim Credit Days,أيام ائتمان مطالبة التأمين
Rejected Claims Expense Account,حساب مصروف مطالبات مرفوضة
Claims Receivable Account,حساب مطالبات المدينة
Accounts,الحسابات
Website,الموقع الإلكتروني
Address and Contacts,العنوان وجهات الاتصال
Linked Party (Customer),الطرف المرتبط (عميل)
Insurance Payor Name,اسم جهة الدفع التأمينية
Medication Ingredient,مكوّن الدواء
Procedure Created,تم إنشاء الإجراء
Appointment Booked,تم حجز الموعد
Procedure Name,اسم الإجراء
Portal Image,صورة البوابة
Show in Portal,إظهار في البوابة
Imaging Toggle,تبديل التصوير
Descriptive Toggle,تبديل الوصفي
Requesting Practitioner Name,اسم الممارس الطالب
Requesting Department,القسم الطالب
Prescription,وصفة
Sensitivity Toggle,تبديل الحساسية
Normal Toggle,تبديل الطبيعي
Printed,تمت الطباعة
SMS Sent,تم إرسال رسالة SMS
Email Sent,تم إرسال البريد الإلكتروني
Custom Result,نتيجة مخصصة
Sensitivity Test Result,نتيجة اختبار الحساسية
Compound Test Result,نتيجة اختبار مركب
Test Group,مجموعة الاختبار
Test Template,قالب الاختبار
Lab Technician Designation,مسمى فني المختبر
Lab Technician Name,اسم فني المختبر
Employee (Lab Technician),الموظف (فني مختبر)
Printed on,تمت الطباعة في
Result Date,تاريخ النتيجة
Expected Result Time,وقت النتيجة المتوقع
Expected Result Date,تاريخ النتيجة المتوقع
Sample ID,معرّف العينة
Approved Date,تاريخ الاعتماد
Submitted Date,تاريخ التقديم
Requesting Practitioner,الممارس الطالب
Patient Insurance Coverage Details,تفاصيل تغطية تأمين المريض
Invoice Discount Amount,مبلغ خصم الفاتورة
Invoice Discount %,نسبة خصم الفاتورة
Claim Amount,مبلغ المطالبة
Claim Coverage %,نسبة تغطية المطالبة
Claim Details,تفاصيل المطالبة
Allocated Amount (via Journal Entry),المبلغ المخصص (عبر قيد اليومية)
Journal Entry,قيد يومية
Error / Reject Reason,سبب الخطأ / الرفض
Rejected Amount,المبلغ المرفوض
Payment Details,تفاصيل الدفع
Error,خطأ
Approved Amount,المبلغ المعتمد
Sales Invoice Item Amount,مبلغ صنف فاتورة المبيعات
Sales Invoice Posting Date,تاريخ قيد فاتورة المبيعات
Insurance Coverage Posting Date,تاريخ قيد تغطية التأمين
Code Value Description,وصف قيمة الرمز
Coverage %,نسبة التغطية
Discount Amount,مبلغ الخصم
Service Type,نوع الخدمة
Coverage Amount,مبلغ التغطية
Discount %,نسبة الخصم
Insurance Claim Coverage,تغطية مطالبة التأمين
Colony UOM,وحدة قياس المستعمرة
Colony Population,تعداد المستعمرات
Organism Test Result,نتيجة اختبار الكائن
BMI,مؤشر كتلة الجسم
Weight (In Kilogram),الوزن (بالكيلوغرام)
Height (In Meter),الطول (بالمتر)
Nutrition Values,القيم الغذائية
"""Normal resting blood pressure in an adult is approximately 120 mmHg systolic, and 80 mmHg diastolic, abbreviated """"120/80 mmHg""""""","ضغط الدم الطبيعي في حالة الراحة لدى البالغ حوالي 120 مم زئبق انقباضي و80 مم زئبق انبساطي، ويُختصر ""120/80 مم زئبق"""
Blood Pressure,ضغط الدم
Blood Pressure (diastolic),ضغط الدم (انبساطي)
Blood Pressure (systolic),ضغط الدم (انقباضي)
One Sided,من جانب واحد
Very Hyper,مفرطة جدًا
Hyper,مفرطة
Reflexes,المنعكسات
Constipated,مصاب بإمساك
Fluid,سائل
Full,ممتلئ
Bloated,منتفخ
Abdomen,البطن
Cuts,شقوق
Furry,مُشعِر
Very Coated,مغطى جدًا
Coated,مغطى بطبقة
Tongue,اللسان
Normal reference range for an adult is 16–20 breaths/minute (RCP 2012),النطاق المرجعي الطبيعي للبالغين هو 16–20 نفسًا/دقيقة (RCP 2012)
Respiratory rate,معدل التنفس
Adults' pulse rate is anywhere between 50 and 80 beats per minute.,معدل نبض البالغين يتراوح بين 50 و80 نبضة في الدقيقة.
Heart Rate / Pulse,معدل ضربات القلب / النبض
Presence of a fever (temp > 38 °C /100.4 °F),وجود الحمى ( درجة الحرارة أكبر من 38 )
Body Temperature,درجة حرارة الجسم
Antibiotic Name,اسم المضاد الحيوي
Antibiotic,مضاد حيوي
Patient Assessment Parameter,معيار تقييم المريض
Therapy Plans,خطط العلاج
Item Description,وصف الصنف
Linked Item Details,تفاصيل الصنف المرتبط
Therapy Types,أنواع العلاج
Plan Name,اسم الخطة
Scale Maximum,الحد الأقصى للمقياس
Scale Minimum,الحد الأدنى للمقياس
Assessment Scale,مقياس التقييم
Assessment Parameters,معايير التقييم
Assessment Name,اسم التقييم
Parameters,المعايير
Patient Assessment Template,قالب تقييم المريض
Assessments,التقييمات
Total Counts Completed,إجمالي العدّات المكتملة
Total Counts Targeted,إجمالي العدّات المستهدفة
Tele,عن بُعد
Home,منزل
Center,مركز
Location,الموقع
Details,التفاصيل
Available Qty,الكمية المتاحة
Against Inpatient Medication Order Entry,مقابل إدخال أمر دواء لمنوّم
Against Inpatient Medication Order,مقابل أمر دواء لمنوّم
Medication Details,تفاصيل الدواء
Inpatient Medication Entry Detail,تفاصيل إدخال دواء لمنوّم
Method Value,قيمة الطريقة
Link Existing Item,ربط صنف موجود
These options will be available for selection in Observation. No need to add a blank space before the first option,ستكون هذه الخيارات متاحة للاختيار في الملاحظة. لا حاجة لإضافة مسافة قبل الخيار الأول
Result Options,خيارات النتيجة
Reference Ranges,النطاقات المرجعية
Components,المكونات
Medical Value,القيمة الطبية
Records,السجلات
Appointment End Datetime,تاريخ ووقت انتهاء الموعد
Get Orders,جلب الأوامر
Template DocName,اسم مستند القالب
Template DocType,نوع مستند القالب
Appointment Notes,ملاحظات الموعد
Appointment For,الموعد لـ
"""Position In Queue after """"Check In""""""","الموقع في الطابور بعد ""تسجيل الدخول"""
Position In Queue,الموقع في الطابور
"""Fetched from Practitioner Schedule if """"Create Slots"""" is disabled""","يتم جلبه من جدول الممارس إذا تم تعطيل ""إنشاء الفترات"""
Appointment Based On Check In,الموعد يعتمد على تسجيل الدخول
Add Video Conferencing,إضافة مؤتمرات الفيديو
Billing Item,صنف الفوترة
Reference Sales Invoice,مرجع فاتورة المبيعات
Get Prescribed Therapies,جلب العلاجات الموصوفة
Reminded,تم التذكير
More Info,مزيد من المعلومات
Mode of Payment,طريقة الدفع
Appointment Datetime,تاريخ ووقت الموعد
Payments,المدفوعات
Appointment Details,تفاصيل الموعد
Get Prescribed Clinical Procedures,جلب الإجراءات السريرية الموصوفة
No Show,لم يحضر
Closed,مغلق
Checked Out,تم تسجيل الخروج
Checked In,تم تسجيل الدخول
Confirmed,مؤكد
Scheduled,مجدول
Duration (In Minutes),المدة (بالدقائق)
Manufacturer,الشركة المصنعة
Brand,العلامة التجارية
Medication Linked Item,صنف مرتبط للدواء
Allow Video Conferencing,السماح بمؤتمرات الفيديو
Schedule Details,تفاصيل الجدول
Time Slots,الفترات الزمنية
Schedule Name,اسم الجدول
Practitioner Schedule,جدول الممارس
Definition,التعريف
Code,الرمز
System,النظام
Therapy Sessions,جلسات العلاج
Therapy Plan Template,قالب خطة العلاج
Not Started,لم يبدأ
Total Sessions Completed,إجمالي الجلسات المكتملة
Total Sessions,إجمالي الجلسات
Therapy Plan Details,تفاصيل خطة العلاج
Other,أخرى
Family,العائلة
Siblings,الإخوة
Spouse,الزوج/الزوجة
Mother,الأم
Father,الأب
Relation,صلة القرابة
Value,القيمة
Particulars,البيانات
Descriptive Test Result,نتيجة اختبار وصفي
Patient Encounter Diagnosis,تشخيص زيارة المريض
Actual Qty (at source/target),الكمية الفعلية (في المصدر/الهدف)
Transfer Qty,كمية التحويل
Stock UOM,وحدة قياس المخزون
Batch,دفعة
Invoice Separately as Consumables,فوترة منفصلة كمستهلكات
Barcode,باركود
Clinical Procedure Item,صنف الإجراء السريري
Reference Child,الفرع المرجعي
Collected User,المستخدم الذي جمع
Component Observations,ملاحظات المكونات
Component Observation Parent,الأصل لملاحظة المكوّن
Show Components,إظهار المكونات
References,مراجع
Collection Date Time,تاريخ ووقت الجمع
Fixed,ثابت
Based on Consumption,بناءً على الاستهلاك
Billing Type,نوع الفوترة
Is Stock Item,صنف مخزون
Charge,رسوم
Service Unit Type Item,صنف نوع وحدة الخدمة
Activity Duration,مدة النشاط
Task DocType,نوع مستند المهمة
Healthcare Activity,نشاط الرعاية الصحية
Container Closure Color,لون إغلاق الحاوية
Lab Test Sample,عينة الاختبار المخبري
Require Result Value,يتطلب قيمة نتيجة
Underline,تسطير
Italic,مائل
Bold,عريض
Secondary UOM Result,نتيجة وحدة قياس ثانوية
Template,قالب
Result Value,قيمة النتيجة
Normal Test Result,نتيجة الاختبار الطبيعية
Tests,الاختبارات
Worksheet & Legend,ورقة العمل والشرح
Descriptive Result,نتيجة وصفية
Worksheet Print,طباعة ورقة العمل
Instructions to be printed on the worksheet,تعليمات للطباعة على ورقة العمل
Worksheet Instructions,تعليمات ورقة العمل
Both,كلاهما
Top,أعلى
Bottom,أسفل
Print Position,موضع الطباعة
Result Legend,شرح النتائج
"""Information to help easily interpret the test report, will be printed as part of the Lab Test result.""",معلومات للمساعدة على تفسير تقرير الاختبار بسهولة، ستتم طباعتها كجزء من نتيجة الاختبار المخبري.
Result Legend Print,طباعة شرح النتائج
Group Tests,اختبارات مجمعة
Sensitivity,الحساسية
Descriptive Test,اختبار وصفي
Lab Routine,روتين المختبر
This value is updated in the Default Sales Price List.,يتم تحديث هذه القيمة في قائمة أسعار المبيعات الافتراضية.
"""If unchecked, the item will not be available in Sales Invoices for billing but can be used in group test creation.""",إذا لم يتم تحديده، فلن يكون الصنف متاحًا في فواتير المبيعات للفوترة لكنه يمكن استخدامه لإنشاء اختبارات مجمعة.
No Result,بدون نتيجة
Grouped,مجمع
Descriptive,وصفي
Compound,مركب
"No Result: Tests with no results, can be ordered and billed but no Lab Test will be created. e.g.. Sub Tests for Grouped results""",<b>بدون نتيجة</b>: اختبارات بلا نتائج يمكن طلبها وفوترتها ولكن لن يتم إنشاء اختبار مخبري. مثال: اختبارات فرعية للنتائج المجمعة
Grouped: Test templates which are a group of other test templates.,<b>مجمع</b>: قوالب اختبارات تكون مجموعة من قوالب اختبارات أخرى.
Descriptive: Tests which have multiple result components with manual result entry.,<b>وصفي</b>: اختبارات تحتوي على عدة مكونات للنتيجة مع إدخال يدوي.
Compound: Results which require multiple event inputs.,<b>مركب</b>: نتائج تتطلب إدخالات متعددة للأحداث.
"""Single: Results which require only a single input.",<b>فردي</b>: نتائج تتطلب إدخالاً واحداً فقط.
Result Format,تنسيق النتيجة
Lab Test Template,قالب الاختبار المخبري
Assessment Parameter,معيار التقييم
Patient Assessment Detail,تفاصيل تقييم المريض
To,إلى
From,من
Reference Type,نوع المرجع
Long Interpretation,تفسير طويل
Short Interpretation,تفسير قصير
Conditions,شروط
Options,خيارات
Boolean Value,قيمة منطقية
Critical Long Interpretation,التفسير الحرج المطوّل
Abnormal Long Interpretation,التفسير غير الطبيعي المطوّل
Normal Long Interpretation,التفسير الطبيعي المطوّل
Critical Interpretation,التفسير الحرج
Abnormal Interpretation,التفسير غير الطبيعي
Normal Interpretation,التفسير الطبيعي
Critical Condition,الشرط الحرج
Abnormal Condition,الشرط غير الطبيعي
Normal Condition,الشرط الطبيعي
Critical Options,خيارات حرجة
Abnormal Options,خيارات غير طبيعية
Normal Options,خيارات طبيعية
To Duration,مدة إلى
From Duration,مدة من
Critical Ratio,النسبة الحرجة
Abnormal Ratio,النسبة غير الطبيعية
Normal Ratio,النسبة الطبيعية
Critical To,الحرج إلى
Critical From,الحرج من
Critical Value,القيمة الحرجة
Critical,حرج
Abnormal To,غير الطبيعي إلى
Abnormal From,غير الطبيعي من
Abnormal Value,القيمة غير الطبيعية
Abnormal,غير طبيعي
To Age Type,نوع العمر إلى
Months,أشهر
Years,سنوات
From Age Type,نوع العمر من
To Datetime,إلى تاريخ ووقت
From Datetime,من تاريخ ووقت
Normal To,الطبيعي إلى
Normal From,الطبيعي من
No,لا
Yes,نعم
Normal Value,القيمة الطبيعية
Normal,طبيعي
Age To,العمر إلى
Age From,العمر من
In Months,بالأشهر
Gestational Age,عمر الحمل
Reference Text,نص مرجعي
Pregnant,حامل
Female,أنثى
Male,ذكر
All,الكل
Applies To,ينطبق على
Observation Reference Range,النطاق المرجعي للملاحظة
Assessment Description,وصف التقييم
Scale Max,الحد الأقصى للمقياس
Scale Min,الحد الأدنى للمقياس
Total Score Obtained,إجمالي الدرجة المحصّلة
Total Score,إجمالي الدرجة
Assessment Sheet,نموذج التقييم
Assessment Datetime,تاريخ ووقت التقييم
Therapy Session,جلسة علاجية
Assessment Template,قالب التقييم
Patient Assessment,تقييم المريض
Consumption Invoiced,تمت فوترة الاستهلاك
Consumption Details,تفاصيل الاستهلاك
Consumable Total Amount,إجمالي مبلغ المستهلكات
Invoice Consumables Separately,فوترة المستهلكات بشكل منفصل
Consume Stock,استهلاك المخزون
Procedure Prescription,وصفة إجراء
Clinical Procedure,إجراء سريري
The time duration before or after the event on which the Nursing Task is to be performed. The Nursing Task start time will be set based on this.,الفترة الزمنية قبل أو بعد الحدث التي يجب تنفيذ مهمة التمريض خلالها. سيتم ضبط وقت بدء مهمة التمريض بناءً على ذلك.
Time Offset,إزاحة الوقت
Default duration which the task can take to complete,المدة الافتراضية التي يمكن أن تستغرقها المهمة لإكمالها
"""System will validate if a document of this type is created and linked before completing the Nursing Task - for example, Vital Signs if the task is supposed to capture the vitals of the Patient""",سيتحقق النظام من إنشاء مستند من هذا النوع وربطه قبل إكمال مهمة التمريض - على سبيل المثال، العلامات الحيوية إذا كانت المهمة تهدف إلى تسجيل العلامات الحيوية للمريض
Role,الدور
Post-Op,بعد العملية
Pre-Op,قبل العملية
Nursing Checklist Template Task,مهمة قالب قائمة تحقق التمريض
Completed Orders,الأوامر المكتملة
Total Orders,إجمالي الأوامر
Other Details,تفاصيل أخرى
Inpatient Medication Order,أمر دواء لمنوّم
Contact & Address,الاتصال والعنوان
Service Unit Capacity,سعة وحدة الخدمة
Tree Details,تفاصيل الشجرة
Old Parent,الأصل السابق
rgt,rgt
lft,lft
Warehouse,المخزن
Occupied,مشغول
Vacant,شاغر
Occupancy Status,حالة الإشغال
Is Group,مجموعة
Parent Service Unit,وحدة الخدمة الأم
Sample HTML,عينة HTML
Collection Point,نقطة الجمع
Observation Sample Collection,جمع عينات الملاحظة
Samples,عينات
Collected,تم الجمع
Partly Collected,تم الجمع جزئياً
Number of prints required for labelling the samples,عدد الطبعات المطلوبة لوسم العينات
No. of prints,عدد الطبعات
Collected On,تم الجمع في
Collected By,تم الجمع بواسطة
DocName,اسم المستند
DocType,نوع المستند
Inpatient Visit Charge,رسوم زيارة منوّم
Inpatient Visit Charge Item,صنف رسوم زيارة منوّم
Out Patient Consulting Charge,رسوم استشارة العيادات الخارجية
Out Patient Consulting Charge Item,صنف رسوم استشارة العيادات الخارجية
Appointment Type Service Item,صنف خدمة نوع الموعد
Condition,شرط
Formula,معادلة
Based on Condition and Formula,بناءً على الشرط والمعادلة
Observation Component,مكوّن الملاحظة
Contract Details,تفاصيل العقد
Insurance Payor Contract,عقد جهة الدفع التأمينية
Lab Test UOM,وحدة قياس الاختبار المخبري
Patient Consent To Use Aadhaar For ABHA Creation,موافقة المريض على استخدام آدهار لإنشاء ABHA
Aadhaar Consent Template,قالب موافقة آدهار
Patient Consent Template,قالب موافقة المريض
Consent Management,إدارة الموافقات
Health ID Service,خدمة معرّف الصحة
Authorization,التفويض
Gateway Name,اسم البوابة
Base URL,الرابط الأساسي
Client Secret,سر العميل
Client ID,معرّف العميل
Default,افتراضي
ABDM Settings,إعدادات ABDM
Patient History Custom Document Type,نوع مستند مخصص لتاريخ المريض
Body Part,جزء الجسم
Body Part Link,رابط جزء الجسم
Reference Owner,مالك المرجع
Reference DocType,نوع المستند المرجعي
Datetime,تاريخ ووقت
Close,إغلاق
Subject,الموضوع
Attach Medical Record,إرفاق سجل طبي
Patient Medical Record,السجل الطبي للمريض
To Time,إلى وقت
From Time,من وقت
Update Stock,تحديث المخزون
Stock Details,تفاصيل المخزون
Assigned To,مُسند إلى
Get Pending Medication Orders,جلب أوامر الأدوية المعلّقة
Inpatient Medication Orders,أوامر أدوية للمنوّمين
Medication Orders,أوامر الأدوية
To Date,إلى تاريخ
From Date,من تاريخ
Warehouse from where medication stock should be consumed,المخزن الذي يجب خصم مخزون الأدوية منه
Medication Warehouse,مخزن الأدوية
Item Code (Drug),رمز الصنف (دواء)
Filters,عوامل التصفية
In Process,قيد المعالجة
Submitted,مُقدَّم
Inpatient Medication Entry,مدخلات دواء المنوّم
Partially Approved,معتمد جزئياً
Pending Review,مراجعة معلّقة
Reference Posting Date,تاريخ القيد المرجعي
Ref DocName,اسم المستند المرجعي
Ref DocType,نوع المستند المرجعي
Diagnostic Report,تقرير تشخيصي
Treatment Plan Template Practitioner,ممارس قالب خطة العلاج
Test Created,تم إنشاء الاختبار
Lab Test Name,اسم الاختبار المخبري
Lab Test,اختبار مخبري
Lab Prescription,وصفة المختبر
Medical Records,السجلات الطبية
"""Notes, Tasks & Vitals""",ملاحظات، مهام وعلامات حيوية
Inpatient,منوّم
Order History,سجل الأوامر
Clinical Notes,ملاحظات سريرية
Submit Orders on Save,إرسال الأوامر عند الحفظ
Ordered,مُصدر
Open,مفتوح
Encounter Details,تفاصيل الزيارة
Google Meet Link,رابط Google Meet
Get Applicable Treatment Plans,جلب خطط العلاج المناسبة
Therapies,العلاجات
Review Details,تفاصيل المراجعة
Clinical Procedures,إجراءات سريرية
Lab Tests,اختبارات مخبرية
In print,في الطباعة
Symptoms,الأعراض
Encounter Time,وقت الزيارة
Encounter Date,تاريخ الزيارة
Display,عرض
Sunday,الأحد
Saturday,السبت
Friday,الجمعة
Thursday,الخميس
Wednesday,الأربعاء
Tuesday,الثلاثاء
Monday,الاثنين
Monthly,شهري
Weekly,أسبوعي
Daily,يومي
Never,أبداً
Repeat,تكرار
Emergency,طوارئ
Travel,سفر
Training,تدريب
Break,استراحة
Time Off,إجازة
Reason,السبب
In minutes,بالدقائق
End Time,وقت الانتهاء
End Date,تاريخ الانتهاء
Start Time,وقت البدء
Unavailable,غير متاح
Available,متاح
Scope,النطاق
Scope Type,نوع النطاق
Practitioner Availability,توفر الممارس
Estimated Duration,المدة المقدرة
Category,الفئة
Service Request Category,فئة طلب الخدمة
Paid Amount,المبلغ المدفوع
Total Amount,إجمالي المبلغ
Inpatient Billables,بنود قابلة للفوترة للمنوّمين
Prescriptions,الوصفات
Billables,بنود قابلة للفوترة
Admission Nursing Checklist Template,قالب قائمة تحقق التمريض عند الدخول
Discharge Nursing Checklist Template,قالب قائمة تحقق التمريض عند الخروج
Claim Status,حالة المطالبة
Discharge Date,تاريخ الخروج
Therapy Plan,خطة العلاج
Rehabilitation,إعادة التأهيل
Discharge Ordered Date,تاريخ أمر الخروج
Discharge Instructions,تعليمات الخروج
Follow Up Date,تاريخ المتابعة
Discharge Notes,ملاحظات الخروج
Discharge,خروج
Transfer,نقل
Admission Service Unit Type,نوع وحدة خدمة الدخول
Procedures,الإجراءات
Investigations,التحاليل
Medications,الأدوية
Admission Instructions,تعليمات الدخول
Expected Discharge,الخروج المتوقع
Expected Length of Stay,مدة الإقامة المتوقعة
Admission Ordered For,الدخول مطلوب لـ
Discharged,تم الخروج
Organism,الكائن الحي
Minimum Billable Quantity,الحد الأدنى للكمية القابلة للفوترة
Is OT,هل هو OT
Change in Item,تغيير في الصنف
Rate / UOM,السعر / وحدة القياس
UOM Conversion in Hours,تحويل وحدة القياس بالساعات
Allow Overlap,السماح بالتداخل
Allow Appointments,السماح بالمواعيد
Service Unit Type,نوع وحدة الخدمة
System URI,URI للنظام
Value Set,مجموعة القيم
Code Value Set,مجموعة قيم الرموز
Others,أخرى
Insurance,التأمين
Billing and Payments,الفوترة والمدفوعات
Admissions,الدخول
Surgery and Nursing,الجراحة والتمريض
Orders,الأوامر
Rehab and Physiotherapy,إعادة التأهيل والعلاج الطبيعي
Diagnostics,التشخيصات
Appointments and Encounters,المواعيد والزيارات
Address & Contact,العنوان والاتصال
Dashboard,لوحة المعلومات
Identification Number (UID),رقم التعريف (UID)
User ID,معرّف المستخدم
Invite as User,دعوة كمستخدم
Contact HTML,اتصال HTML
Address HTML,عنوان HTML
Address and Contact,العنوان وبيانات الاتصال
Print Language,لغة الطباعة
Default Price List,قائمة الأسعار الافتراضية
Territory,الإقليم
Customer Group,مجموعة العملاء
Customer Details,تفاصيل العميل
Middle Name (optional),الاسم الأوسط (اختياري)
First Name,الاسم الأول
Last Name,اسم العائلة
Billing Currency,عملة الفوترة
Additional information regarding the patient,معلومات إضافية حول المريض
Other Risk Factors,عوامل خطر أخرى
Occupational Hazards and Environmental Factors,المخاطر المهنية والعوامل البيئية
Alcohol Consumption (Present),استهلاك الكحول (حالياً)
Alcohol Consumption (Past),استهلاك الكحول (سابقاً)
Tobacco Consumption (Present),استهلاك التبغ (حالياً)
Tobacco Consumption (Past),استهلاك التبغ (سابقاً)
Risk Factors,عوامل الخطر
Widow,أرمل
Divorced,مطلق
Married,متزوج
Single,أعزب
Marital Status,الحالة الاجتماعية
Occupation,المهنة
Personal and Social History,التاريخ الشخصي والاجتماعي
Surgical History,التاريخ الجراحي
Medical History,التاريخ الطبي
Allergies,الحساسية
"""Allergies, Medical and Surgical History""",الحساسية والتاريخ الطبي والجراحي
Patient Relation,صلة المريض
Phone,الهاتف
Print,طباعة
Report Preference,تفضيل التقرير
"""If """"Link Customer to Patient"""" is checked in Healthcare Settings and an existing Customer is not selected then, a Customer will be created for this Patient for recording transactions in Accounts module.""","إذا تم تحديد ""ربط العميل بالمريض"" في إعدادات الرعاية الصحية ولم يتم اختيار عميل موجود، فسيتم إنشاء عميل لهذا المريض لتسجيل المعاملات في وحدة الحسابات."
Customer,العميل
Date of birth,تاريخ الميلاد
Full Name,الاسم الكامل
Discharge Scheduled,جدولة الخروج
Admitted,تم التنويم
Admission Scheduled,جدولة الدخول
Patient Demographics,البيانات الديموغرافية للمريض
Allow Blank,السماح بفراغ
Conversion Factor,عامل التحويل
Secondary UOM,وحدة قياس ثانوية
Normal Range,النطاق الطبيعي
UOM,وحدة القياس
Event,الحدث
Test Name,اسم الاختبار
Add New Line,إضافة سطر جديد
Add Test,إضافة اختبار
Lab Test Group Template,قالب مجموعة الاختبارات المخبرية
Appointments,المواعيد
Codification Table,جدول الترميز
Allow Booking For,السماح بالحجز لـ
Appointment Type Service Items,أصناف خدمة نوع الموعد
Color,اللون
Type,النوع
Appointment Type,نوع الموعد
Complaints,شكاوى
Complaint,شكوى
Eligibility Applicable for,الأهلية قابلة للتطبيق على
Healthcare Service Template,قالب خدمة الرعاية الصحية
Healthcare Service,خدمة الرعاية الصحية
"""Optional, set this only if you want to restrict this coverage to Patients subscribed to an Insurance Plan (Insurance Policy for the Patient should have the Coverage Plan selected).""",اختياري، اضبط هذا <i>فقط</i> إذا كنت تريد تقييد هذه التغطية على المرضى المشتركين في خطة تأمين (يجب أن تكون خطة التغطية محددة في وثيقة تأمين المريض).
Manual,يدوي
Automatic,تلقائي
Mode of Approval,طريقة الاعتماد
Valid From,صالح من
Code Value,قيمة الرمز
Service,خدمة
Eligibility For,الأهلية لـ
Discount Percentage,نسبة الخصم
Coverage Percentage,نسبة التغطية
Eligibility Details,تفاصيل الأهلية
Healthcare Service Insurance Coverage,تغطية التأمين لخدمة الرعاية الصحية
Item Insurance Eligibility,أهلية التأمين للصنف
Traceback,تتبّع الخطأ
URL,URL
Response,استجابة
Request,طلب
Denied,مرفوض
Revoked,ملغى
Granted,ممنوح
Request Date,تاريخ الطلب
Request Name,اسم الطلب
ABDM Request,طلب ABDM
Linked Items,أصناف مرتبطة
Is Combination,تركيبة
Combinations,تركيبات
"""Properties of the linked Item, you may further configure Batch Number and Expiry, Serial Number, Shelf Life etc. in the Item master""",خصائص الصنف المرتبط، يمكنك أيضًا ضبط رقم الدفعة وتاريخ الانتهاء والرقم التسلسلي ومدة الصلاحية وغيرها في سجل الصنف
Linked Item,صنف مرتبط
Abbr,اختصار
Reference URL,رابط مرجعي
Default Interval UOM,وحدة قياس الفاصل الافتراضي
Default Interval,الفاصل الافتراضي
Default Prescription Duration,مدة الوصفة الافتراضية
Default Prescription Dosage,جرعة الوصفة الافتراضية
Defaults,الافتراضيات
Medication Class,فئة الدواء
Generic Name,الاسم العلمي
National Drug Code,الرمز الوطني للدواء
Date Fieldname,اسم حقل التاريخ
Add / Edit Fields,إضافة / تعديل الحقول
Selected Fields,الحقول المحددة
Document Type,نوع المستند
Patient History Standard Document Type,نوع المستند القياسي لتاريخ المريض
Checklist,قائمة تحقق
Tasks,المهام
Department,القسم
Appointment,موعد
Sales Invoice Item,صنف فاتورة المبيعات
Disapproval Reason,سبب عدم الاعتماد
Has Component,يحتوي على مكوّن
Interpretation Template,قالب التفسير
Result Template,قالب النتيجة
Result Interpretation,تفسير النتيجة
Days,الأيام
Method,الطريقة
Sample Type,نوع العينة
Permitted Unit,الوحدة المسموح بها
Preferred Display Name,اسم العرض المفضل
Template Details,تفاصيل القالب
Observation idx,فهرس الملاحظة
Observation Method,طريقة الملاحظة
Sales Invoice Status,حالة فاتورة المبيعات
Specimen,العينة
More Information,مزيد من المعلومات
Time of Approval,وقت الاعتماد
Time of Result,وقت النتيجة
Result Period To,فترة النتيجة إلى
Result Period From,فترة النتيجة من
Therapy,علاج
Exam,فحص
Survey,استبيان
Procedure,الإجراء
Laboratory,المختبر
Imaging,التصوير
Vital Signs,العلامات الحيوية
Social History,التاريخ الاجتماعي
Observation Category,فئة الملاحظة
Sample Status,حالة العينة
Sample Collection Time,وقت جمع العينة
Allowed Options,الخيارات المسموح بها
Sales Invoice,فاتورة المبيعات
Sample Details,تفاصيل العينة
Attach Result,إرفاق النتيجة
Parent Observation,الملاحظة الأم
Reference Docname,اسم المستند المرجعي
Result,النتيجة
Attach,إرفاق
DateTime,تاريخ ووقت
Ratio,نسبة
Range,نطاق
Numeric,رقمي
Boolean,منطقي
Text,نص
Select,اختيار
Permitted Data Type,نوع البيانات المسموح
Naming,التسمية
Unknown,غير معروف
Corrected,مصَحَّح
Amended,معدّل
Final,نهائي
Preliminary,أولي
Registered,مسجل
Observation Template,قالب الملاحظة
Observation,ملاحظة
Dosage Strength,تركيز الجرعة
Dosage by Time Interval,الجرعة حسب الفاصل الزمني
Strength UOM,وحدة قياس التركيز
Strength,التركيز
Interval UOM,وحدة قياس الفاصل
Update Schedule,تحديث الجدول
Drug Name / Description,اسم الدواء / الوصف
Drug Code,رمز الدواء
Drug Prescription,وصفة الدواء
Task Duration,مدة المهمة
Task End Time,وقت انتهاء المهمة
Task Start Time,وقت بدء المهمة
Task Schedule,جدول المهمة
Duration,المدة
Requested End Time,وقت الانتهاء المطلوب
Requested Start Time,وقت البدء المطلوب
Notes,ملاحظات
Task Resolution,حل المهمة
Service Unit,وحدة الخدمة
Create and link the document to complete this task,قم بإنشاء المستند وربطه لإكمال هذه المهمة
Task Document Name,اسم مستند المهمة
Task Doctype,نوع مستند المهمة
Mandatory,إلزامي
Naming Series,سلسلة التسمية
Task Details,تفاصيل المهمة
Entered in Error,أُدخل بالخطأ
On Hold,معلّق
In Progress,قيد التنفيذ
Ready,جاهز
Accepted,تم القبول
Received,تم الاستلام
Requested,مطلوب
Reference Doctype,نوع المستند المرجعي
Activity,نشاط
Nursing Task,مهمة تمريض
Is Order Completed,هل اكتمل الأمر
Drug Name,اسم الدواء
Drug,دواء
Inpatient Medication Order Entry,إدخال أمر دواء لمنوّم
Transactions,المعاملات
Connections,الارتباطات
Policy Number,رقم الوثيقة
Date,التاريخ
Policy Expiry Date,تاريخ انتهاء الوثيقة
Insurance Plan,خطة التأمين
Country,الدولة
Insurance Details,تفاصيل التأمين
Mobile Number,رقم الجوال
Healthcare Insurance Policy,وثيقة تأمين الرعاية الصحية
Patient Insurance Policy,وثيقة تأمين المريض
Image,صورة
Exercise Type Step,خطوة نوع التمرين
Service Request Reason,سبب طلب الخدمة
Terms and Conditions,الشروط والأحكام
Clinical Note Type,نوع الملاحظة السريرية
Practitioner,الممارس
Reference Name,اسم المرجع
Reference Doc,المستند المرجعي
Reference,مرجع
Note,ملاحظة
Clinical Note,ملاحظة سريرية
Scheduled Billing Time,وقت الفوترة المجدول
Transferred For Procedure,تم النقل لإجراء
Check Out,تسجيل الخروج
Left,غادر
Check In,تسجيل الدخول
Inpatient Occupancy,إشغال التنويم
Nursing Checklist Template,قالب قائمة تحقق التمريض
Add Exercises,إضافة تمارين
Healthcare Service Unit,وحدة خدمات الرعاية الصحية
Therapy For,العلاج لـ
Item Name,اسم الصنف
Item Details,تفاصيل الصنف
Default Duration (In Minutes),المدة الافتراضية (بالدقائق)
Exercises,تمارين
Sessions Completed,الجلسات المكتملة
No of Sessions,عدد الجلسات
Therapy Type,نوع العلاج
Therapy Plan Detail,تفاصيل خطة العلاج
Medication Item,صنف الدواء
Practitioner Name,اسم الممارس
Request Details,تفاصيل الطلب
Total Dispensable Quantity,إجمالي الكمية القابلة للصرف
Number Of Repeats Allowed,عدد مرات التكرار المسموح بها
Medication,الدواء
The role responsible for performing the medication request,الدور المسؤول عن تنفيذ طلب الدواء
Order Group (Encounter),مجموعة الأوامر (الزيارة)
Medication Request,طلب دواء
Comment,تعليق
Ordered by Practitioner Name,مُصدر باسم الممارس
Interval,الفاصل
Practitioner Email,بريد الممارس الإلكتروني
Sample Collection Required,مطلوب جمع العينة
Source Doc,المستند المصدر
Invoiced,مفوتر
Partly Invoiced,مفوتر جزئياً
Billing Status,حالة الفوترة
Quantity Invoiced,الكمية المفوترة
Billing and Insurance,الفوترة والتأمين
Patient Age,عمر المريض
Order Template,قالب الأمر
Order Template Type,نوع قالب الأمر
Coverage Status,حالة التغطية
Service Details,تفاصيل الخدمة
Insurance Coverage,تغطية التأمين
Occurrence Time,وقت الحدوث
Occurrence Date,تاريخ الحدوث
Insurance Policy,وثيقة التأمين
Title,العنوان
Order Specifications,مواصفات الأمر
Patient Details,تفاصيل المريض
Birth Date,تاريخ الولادة
Mobile,الجوال
Email,البريد الإلكتروني
O Negative,O سالب
O Positive,O موجب
B Negative,B سالب
B Positive,B موجب
AB Negative,AB سالب
AB Positive,AB موجب
A Negative,A سالب
A Positive,A موجب
Blood Group,فصيلة الدم
Order Time,وقت الأمر
Order Group Type,نوع مجموعة الأوامر
Patient Instructions,تعليمات المريض
Inpatient Status,حالة المنوّم
Order Item Code,رمز صنف الأمر
Referred to Practitioner,مُحال إلى الممارس
Dosage,الجرعة
Dosage Form,شكل الجرعة
Age,العمر
Order Source,مصدر الأمر
Ordered by Practitioner,مُصدر من قبل الممارس
Referring Practitioner,الممارس المُحيل
External Referral,إحالة خارجية
Referral,إحالة
Direct,مباشر
Source,المصدر
Order Description,وصف الأمر
Reason Reference,مرجع السبب
Reason Reference DocType,نوع المستند المرجعي للسبب
Healthcare Service Unit Type,نوع وحدة خدمات الرعاية الصحية
"""Perform the service only if there is a need. For example """"pain"""", """"on flare-up"""", etc.""","نفّذ الخدمة فقط عند الحاجة. على سبيل المثال ""الألم""، ""عند تفاقم الحالة""، إلخ."
Occurrence As Needed,حسب الحاجة
Priority,الأولوية
Intent,النية
The role responsible for performing the service,الدور المسؤول عن تنفيذ الخدمة
Expected By,متوقع بحلول
Order Reference Name,اسم مرجع الأمر
Order Reference DocType,نوع المستند المرجعي للأمر
Order Group,مجموعة الأوامر
Order Group Reference,مرجع مجموعة الأوامر
Order Date,تاريخ الأمر
Sequence in Order Group,التسلسل في مجموعة الأوامر
Service Request,طلب خدمة
Comments,التعليقات
Time,الوقت
Score,الدرجة
Parameter,المعيار
Patient Assessment Sheet,نموذج تقييم المريض
Difficulty Level,مستوى الصعوبة
Exercise Difficulty Level,مستوى صعوبة التمرين
Coverage,التغطية
Policy,وثيقة
Eligibility,الأهلية
Name of Insurance Plan,اسم خطة التأمين
Overrides the Default Price List in Insurance Payor Contract,يتجاوز قائمة الأسعار الافتراضية في عقد جهة الدفع التأمينية
Price List,قائمة الأسعار
Is Active,نشط
Insurance Payor,جهة الدفع التأمينية
Insurance Payor Eligibility Plan,خطة أهلية جهة الدفع التأمينية
Month,شهر
Week,أسبوع
Day,يوم
Hour,ساعة
Period,الفترة
Number,الرقم
Prescription Duration,مدة الوصفة
Patient Appointment,موعد المريض
Sales Invoice Reference,مرجع فاتورة المبيعات
Reference Appointments,مواعيد مرجعية
Start Date,تاريخ البدء
Completed,مكتمل
Expired,منتهي الصلاحية
Active,نشط
Max number of visit,الحد الأقصى لعدد الزيارات
Validity,الصلاحية
Valid Till,صالح حتى
Visits Completed,الزيارات المكتملة
Fee Validity,صلاحية الرسوم
Admitted Datetime,تاريخ ووقت الدخول
Admission Schedule Date,تاريخ جدولة الدخول
Orders Html,أوامر HTML
Order Details,تفاصيل الأمر
Discharging Practitioner,ممارس الخروج
Healthcare Practitioner (Secondary),ممارس الرعاية الصحية (ثانوي)
Healthcare Practitioner (Primary),ممارس الرعاية الصحية (أساسي)
Healthcare Practitioner,ممارس الرعاية الصحية
Patient Encounter,زيارة المريض
About when and how to obtain urgent work care,حول متى وكيفية الحصول على رعاية عاجلة
Instructions,التعليمات
Current Issues,المشكلات الحالية
Diet Adviced,النظام الغذائي الموصى به
Advice on Discharge,إرشادات عند الخروج
Treatment Done,العلاج المُجرى
Physical Examination,الفحص السريري
Discharge Details,تفاصيل الخروج
Admission Order,أمر الدخول
Review Date,تاريخ المراجعة
Followup Date,تاريخ المتابعة
Amended From,معدّل من
Diagnosis,التشخيص
Chief Complaint,الشكوى الرئيسية
Encounter Impression,انطباع الزيارة
Inpatient Record,سجل المنوّم
Rejected,مرفوض
Cancelled,ملغي
Approved,معتمد
Draft,مسودة
Company,الشركة
Date of Birth,تاريخ الميلاد
Gender,الجنس
Patient Name,اسم المريض
Posting Date,تاريخ القيد
Series,السلسلة
Discharge Summary,ملخص الخروج
Service Request Defaults,الافتراضيات لطلب الخدمة
Staff Role,دور الموظف
Patient Care Type,نوع رعاية المريض
Stock Consumption,استهلاك المخزون
Billing,الفوترة
Link existing Item,ربط صنف موجود
Post-op Nursing Checklist Template,قالب قائمة تحقق التمريض بعد العملية
Pre-op Nursing Checklist Template,قالب قائمة تحقق التمريض قبل العملية
Medical Coding,الترميز الطبي
Medical Codes,الرموز الطبية
Item,الصنف
Change In Item,تغيير في الصنف
Collection Details,تفاصيل الجمع
Quantity,الكمية
Sample UOM,وحدة قياس العينة
Sample,عينة
Sample Collection,جمع العينات
Items,الأصناف
Consumables,مواد مستهلكة
Allow Stock Consumption,السماح باستهلاك المخزون
Rate,السعر
Is Billable,قابل للفوترة
Medical Department,القسم الطبي
Item Group,مجموعة الأصناف
Item Code,رمز الصنف
Template Name,اسم القالب
Procedure Template,قالب الإجراء
Clinical Procedure Template,قالب الإجراء السريري
Payment for Document,دفع للمستند
Payment for Doctype,دفع لنوع المستند
Currency,العملة
Amount with GST,المبلغ مع ضريبة GST
Amount,المبلغ
Patient,المريض
Failure Reason,سبب الفشل
Failed,فشل
Captured,تم التحصيل
Pending,قيد الانتظار
User,المستخدم
Signature,التوقيع
Order ID,معرّف الأمر
Payment ID,معرّف الدفع
Healthcare Payment Record,سجل دفع الرعاية الصحية
Standard Document Types,أنواع المستندات القياسية
Custom Document Types,أنواع مستندات مخصصة
Patient History Settings,إعدادات تاريخ المريض
Complete,مكتمل
Status,الحالة
Version,الإصدار
Immutable,غير قابل للتغيير
Custom,مخصص
Experimental,تجريبي
Is FHIR Defined,معرّف في FHIR
Disabled,معطل
Description,الوصف
OID,معرّف OID
URI,معرّف URI
Code System,نظام الترميز
Patient,مريض
